Workbook

Sheet Sheet1
B1: 3SI PTE. LTD.
B3: Leave History Report (Individual)
AM5: ABOOL FEDEBRIC MORIL
A6: Period From: 01-01-2025 To: 09-12-2025 | AM6: ALI MD ROMJAN
B7: Date : | C7: 09-12-2025 22:48:06 | AI7: Page : 1 of 128 | AM7: ALI MUSLIH BIN MOHAMED AFANDI
AM8: Aaron Rajadurai
AM9: FAITH JR. NEGAPATAN
AM10: GIRIDHARI RAMAMOORTHY
B11: Emp Code: 07001 Employee: R G S MURUKAN Leave Calculation Date: 01-10-2024 | AM11: GOVINDARAJU ANBALAGAN
AM12: HAQ AMINUL
A13: S No. | D13: Leave Date | J13: Day | N13: Remarks | Y13: Day / Hr | AF13: ML Claim Amt | AM13: HOSSAIN ABIR
AM14: JUSTINDRAN Y
AM15: Joe
AM16: KANNAN SURYAPRAKASH
B17: Leave Type: | H17: AL - ANNUAL LEAVE | AM17: KARUNAKARAN PERIYASAMY
AM18: KATHIRVEL RAMASAMY
AM19: KISHANRAJ PANNIR SELVAM
B20: 1 | D20: 02-01-2025 | J20: Thursday | Y20: 1.00 day | AM20: Koori selvam
AM21: LAVANIAH PUNNIYAMUTHY
B22: 2 | D22: 03-01-2025 | J22: Friday | Y22: 1.00 day | AM22: LOGESH A/L VEJAYAKUMURAN
AM23: MALAIKKOLUNDHU KUMARAVEL
B24: 3 | D24: 17-01-2025 | J24: Friday | Y24: 1.00 day | AM24: MANICKAN JAMUNA RANI
AM25: MARTIN NG SOO LEONG
B26: 4 | D26: 20-01-2025 | J26: Monday | Y26: 1.00 day | AM26: MIAH RASEL
AM27: MOHAMED ALAUDEEN MOHAMED ASLAM
B28: 5 | D28: 21-01-2025 | J28: Tuesday | Y28: 1.00 day | AM28: MOHAMMAD BILLAL
AM29: MOHAMMAD ERYAN SHAH BIN SAMSUDIN
B30: 6 | D30: 22-01-2025 | J30: Wednesday | Y30: 1.00 day | AM30: MOLLA FIROZ
AM31: MOSTAFIZUR RAHMAN
B32: 7 | D32: 23-01-2025 | J32: Thursday | Y32: 1.00 day | AM32: MUHAMMAD DANISH BIN YUSRI
AM33: MUHAMMAD HAQQ ARSHAQ MUHAMMAD NUR HAZLI
B34: 8 | D34: 24-01-2025 | J34: Friday | Y34: 1.00 day | AM34: MURUGAN SATHISHKUMAR
AM35: MUTHALIAPPAN KAILASANATHAN
B36: 9 | D36: 27-01-2025 | J36: Monday | Y36: 1.00 day | AM36: MUTHALIAPPAN KAILASANATHAN
AM37: MUTHUSAMY RAGAVAN
B38: 10 | D38: 28-01-2025 | J38: Tuesday | Y38: 1.00 day | AM38: Mustaq
AM39: NAVENH PATMANATHAN MOHAN RAJ
B40: 11 | D40: 31-01-2025 | J40: Friday | Y40: 1.00 day | AM40: NIRHUMALAN GANGAN
AM41: Nexa User
B42: 12 | D42: 11-02-2025 | J42: Tuesday | Y42: 1.00 day | AM42: OSMAN GONI MOHAMMAD
AM43: PERUMAL GOVINDARASU
B44: 13 | D44: 17-03-2025 | J44: Monday | Y44: 1.00 day | AM44: PRABHAHARAN RAMASAMY
AM45: RAJA ARULKUMAR
B46: 14 | D46: 11-04-2025 | J46: Friday | Y46: 1.00 day | AM46: RAMACHANDRAN MOHAN DINESH KUMAR
AM47: RANA
B48: 15 | D48: 14-04-2025 | J48: Monday | Y48: 1.00 day | AM48: RAVINDRAN SIVAPRAKASAM
AM49: Raju Pavel
U50: Total : | Y50: 15 | AM50: SAKTHIVEL MUTHULAKSHMI
AM51: SAMIGOVINDHAN VIJAYAKUMAR
AM52: SATHISKUMAR RAMA
AM53: SEENUVASAN RATHINAKUMAR
AM54: SELVARAJ SATHIYASEELAN
B55: Leave Type: | H55: ML - MEDICAL LEAVE | AM55: SHAGIV RAJ DAVID
AM56: SHIL SHAM SUNDAR
AM57: SUJAN AHMED
B58: 16 | D58: 19-02-2025 | J58: Wednesday | Y58: 1.00 day | AM58: TAY SHANE
AM59: TRIE NOVIYANI BINTI KODIRON
B60: 17 | D60: 20-02-2025 | J60: Thursday | Y60: 1.00 day | AM60: TULASI DASS S/O JAYARAM GOVINDASAMY
AM61: VELLAIKKANNU VADIVELU
B62: 18 | D62: 21-02-2025 | J62: Friday | Y62: 1.00 day | AM62: VISHNU PRAVIN S/O R RAMAYA
B64: 19 | D64: 01-04-2025 | J64: Tuesday | Y64: 1.00 day
B66: 20 | D66: 02-04-2025 | J66: Wednesday | Y66: 1.00 day
U68: Total : | Y68: 5
B73: Leave Type: | H73: OIL - OFF-IN-LIEU
B76: 21 | D76: 06-06-2025 | J76: Friday | N76: Election day leave | Y76: 1.00 day
U78: Total : | Y78: 1
B83: Leave Type: | H83: UL - UNPAID LEAVE
B86: 22 | D86: 06-05-2025 | J86: Tuesday | N86: Unpaid Sabbatical leave | Y86: 1.00 day
B88: 23 | D88: 07-05-2025 | J88: Wednesday | N88: Unpaid Sabbatical leave | Y88: 1.00 day
B90: 24 | D90: 08-05-2025 | J90: Thursday | N90: Unpaid Sabbatical leave | Y90: 1.00 day
B92: 25 | D92: 09-05-2025 | J92: Friday | N92: Unpaid Sabbatical leave | Y92: 1.00 day
B94: 26 | D94: 13-05-2025 | J94: Tuesday | N94: Unpaid Sabbatical leave | Y94: 1.00 day
B97: Emp Code: 07001 Employee: R G S MURUKAN Leave Calculation Date: 01-10-2024
A99: S No. | D99: Leave Date | J99: Day | N99: Remarks | Y99: Day / Hr | AF99: ML Claim Amt
B102: Leave Type: | H102: UL - UNPAID LEAVE
B105: 27 | D105: 14-05-2025 | J105: Wednesday | N105: Unpaid Sabbatical leave | Y105: 1.00 day
B107: 28 | D107: 15-05-2025 | J107: Thursday | N107: Unpaid Sabbatical leave | Y107: 1.00 day
B109: 29 | D109: 16-05-2025 | J109: Friday | N109: Unpaid Sabbatical leave | Y109: 1.00 day
B111: 30 | D111: 19-05-2025 | J111: Monday | N111: Unpaid Sabbatical leave | Y111: 1.00 day
B113: 31 | D113: 20-05-2025 | J113: Tuesday | N113: Unpaid Sabbatical leave | Y113: 1.00 day
B115: 32 | D115: 21-05-2025 | J115: Wednesday | N115: Unpaid Sabbatical leave | Y115: 1.00 day
B117: 33 | D117: 22-05-2025 | J117: Thursday | N117: Unpaid Sabbatical leave | Y117: 1.00 day
B119: 34 | D119: 23-05-2025 | J119: Friday | N119: Unpaid Sabbatical leave | Y119: 1.00 day
B121: 35 | D121: 26-05-2025 | J121: Monday | N121: Unpaid Sabbatical leave | Y121: 1.00 day
B123: 36 | D123: 27-05-2025 | J123: Tuesday | N123: Unpaid Sabbatical leave | Y123: 1.00 day
B125: 37 | D125: 28-05-2025 | J125: Wednesday | N125: Unpaid Sabbatical leave | Y125: 1.00 day
B127: 38 | D127: 29-05-2025 | J127: Thursday | N127: Unpaid Sabbatical leave | Y127: 1.00 day
... B137: 43 | D137: 05-06-2025 | J137: Thursday | N137: Unpaid Sabbatical leave | Y137: 1.00 day
U139: Total : | Y139: 22
B144: Annual Leave | P144: Medical Leave (Note: ML + HOSP) | AA144: Medical Claim | AH144: Childcare Leave
B145: Eligible | E145: : | F145: 16 | J145: Unearned | K145: : | L145: 0 | AH145: Eligible | AJ145: : | AK145: 0
B146: Credit | E146: : | F146: 0 | J146: Total | K146: : | L146: 8
T147: Un Earn | V147: : | W147: 0.00 | AA147: Limit | AC147: : | AD147: 0 | AH147: Earn | AJ147: : | AK147: 0
B148: Bring Fwd | E148: : | F148: 0 | J148: Taken | K148: : | L148: 15 | P148: Eligible | Q148: : | R148: 14 | T148: Taken | V148: : | W148: 5 | AA148: Taken | AC148: : | AD148: 0 | AH148: Taken | AJ148: : | AK148: 0
B149: Earned | E149: : | F149: 8 | J149: Balance | K149: : | L149: -7 | P149: Earn | Q149: : | R149: 0 | T149: Balance | V149: : | W149: 9 | AA149: Balance | AC149: : | AD149: 0 | AH149: Balance | AJ149: : | AK149: 0
B154: Emp Code: 14001 Employee: MOSTAFIZUR RAHMAN Leave Calculation Date: 01-10-2024
A156: S No. | D156: Leave Date | J156: Day | N156: Remarks | Y156: Day / Hr | AF156: ML Claim Amt
B160: Leave Type: | H160: AL - ANNUAL LEAVE
B163: 44 | D163: 30-06-2025 | J163: Monday | N163: I will be departing from Singapore on 29 June 2025 and will commence work on 14 July 2025 | Y163: 1.00 day
B167: 45 | D167: 01-07-2025 | J167: Tuesday | N167: I will be departing from Singapore on 29 June 2025 and will commence work on 14 July 2025 | Y167: 1.00 day
...

Sheet Data
A1: Employee Code | B1: Employee Name | C1: Leave Type | D1: From Date | E1: To Date | F1: Days | G1: Remarks | H1: Name?
A2: 7001 | B2: R G S MURUKAN | C2: AL | D2: 45689 | E2: 45689 | F2: 1 | H2: {=IFERROR( INDEX( Sheet1!$AM$5:$AM$62, MATCH( TRUE, ISNUMBER(SEARCH(LOWER(Sheet1!$AM$5:$AM$62), LOWER(B3))), 0 ) ), "NO MATCH" )} -> NO MATCH
A3: 7001 | B3: R G S MURUKAN | C3: AL | D3: 45717 | E3: 45717 | F3: 1 | H3: {=IFERROR( INDEX( Sheet1!$AM$5:$AM$62, MATCH( TRUE, ISNUMBER(SEARCH(LOWER(Sheet1!$AM$5:$AM$62), LOWER(B4))), 0 ) ), "NO MATCH" )} -> NO MATCH
A4: 7001 | B4: R G S MURUKAN | C4: AL | D4: 17-01-2025 | E4: 17-01-2025 | F4: 1 | H4: {=IFERROR( INDEX( Sheet1!$AM$5:$AM$62, MATCH( TRUE, ISNUMBER(SEARCH(LOWER(Sheet1!$AM$5:$AM$62), LOWER(B5))), 0 ) ), "NO MATCH" )} -> NO MATCH
A5: 7001 | B5: R G S MURUKAN | C5: AL | D5: 20-01-2025 | E5: 20-01-2025 | F5: 1 | H5: {=IFERROR( INDEX( Sheet1!$AM$5:$AM$62, MATCH( TRUE, ISNUMBER(SEARCH(LOWER(Sheet1!$AM$5:$AM$62), LOWER(B6))), 0 ) ), "NO MATCH" )} -> NO MATCH
A6: 7001 | B6: R G S MURUKAN | C6: AL | D6: 21-01-2025 | E6: 21-01-2025 | F6: 1 | H6: {=IFERROR( INDEX( Sheet1!$AM$5:$AM$62, MATCH( TRUE, ISNUMBER(SEARCH(LOWER(Sheet1!$AM$5:$AM$62), LOWER(B7))), 0 ) ), "NO MATCH" )} -> NO MATCH
A7: 7001 | B7: R G S MURUKAN | C7: AL | D7: 22-01-2025 | E7: 22-01-2025 | F7: 1 | H7: {=IFERROR( INDEX( Sheet1!$AM$5:$AM$62, MATCH( TRUE, ISNUMBER(SEARCH(LOWER(Sheet1!$AM$5:$AM$62), LOWER(B8))), 0 ) ), "NO MATCH" )} -> NO MATCH
A8: 7001 | B8: R G S MURUKAN | C8: AL | D8: 23-01-2025 | E8: 23-01-2025 | F8: 1 | H8: {=IFERROR( INDEX( Sheet1!$AM$5:$AM$62, MATCH( TRUE, ISNUMBER(SEARCH(LOWER(Sheet1!$AM$5:$AM$62), LOWER(B9))), 0 ) ), "NO MATCH" )} -> NO MATCH
A9: 7001 | B9: R G S MURUKAN | C9: AL | D9: 24-01-2025 | E9: 24-01-2025 | F9: 1 | H9: {=IFERROR( INDEX( Sheet1!$AM$5:$AM$62, MATCH( TRUE, ISNUMBER(SEARCH(LOWER(Sheet1!$AM$5:$AM$62), LOWER(B10))), 0 ) ), "NO MATCH" )} -> NO MATCH
A10: 7001 | B10: R G S MURUKAN | C10: AL | D10: 27-01-2025 | E10: 27-01-2025 | F10: 1 | H10: {=IFERROR( INDEX( Sheet1!$AM$5:$AM$62, MATCH( TRUE, ISNUMBER(SEARCH(LOWER(Sheet1!$AM$5:$AM$62), LOWER(B11))), 0 ) ), "NO MATCH" )} -> NO MATCH
A11: 7001 | B11: R G S MURUKAN | C11: AL | D11: 28-01-2025 | E11: 28-01-2025 | F11: 1 | H11: {=IFERROR( INDEX( Sheet1!$AM$5:$AM$62, MATCH( TRUE, ISNUMBER(SEARCH(LOWER(Sheet1!$AM$5:$AM$62), LOWER(B12))), 0 ) ), "NO MATCH" )} -> NO MATCH
A12: 7001 | B12: R G S MURUKAN | C12: AL | D12: 31-01-2025 | E12: 31-01-2025 | F12: 1 | H12: {=IFERROR( INDEX( Sheet1!$AM$5:$AM$62, MATCH( TRUE, ISNUMBER(SEARCH(LOWER(Sheet1!$AM$5:$AM$62), LOWER(B13))), 0 ) ), "NO MATCH" )} -> NO MATCH
A13: 7001 | B13: R G S MURUKAN | C13: AL | D13: 45963 | E13: 45963 | F13: 1 | H13: {=IFERROR( INDEX( Sheet1!$AM$5:$AM$62, MATCH( TRUE, ISNUMBER(SEARCH(LOWER(Sheet1!$AM$5:$AM$62), LOWER(B14))), 0 ) ), "NO MATCH" )} -> NO MATCH
A14: 7001 | B14: R G S MURUKAN | C14: AL | D14: 17-03-2025 | E14: 17-03-2025 | F14: 1 | H14: {=IFERROR( INDEX( Sheet1!$AM$5:$AM$62, MATCH( TRUE, ISNUMBER(SEARCH(LOWER(Sheet1!$AM$5:$AM$62), LOWER(B15))), 0 ) ), "NO MATCH" )} -> NO MATCH
A15: 7001 | B15: R G S MURUKAN | C15: AL | D15: 45965 | E15: 45965 | F15: 1 | H15: {=IFERROR( INDEX( Sheet1!$AM$5:$AM$62, MATCH( TRUE, ISNUMBER(SEARCH(LOWER(Sheet1!$AM$5:$AM$62), LOWER(B16))), 0 ) ), "NO MATCH" )} -> NO MATCH
A16: 7001 | B16: R G S MURUKAN | C16: AL | D16: 14-04-2025 | E16: 14-04-2025 | F16: 1 | H16: {=IFERROR( INDEX( Sheet1!$AM$5:$AM$62, MATCH( TRUE, ISNUMBER(SEARCH(LOWER(Sheet1!$AM$5:$AM$62), LOWER(B17))), 0 ) ), "NO MATCH" )} -> NO MATCH
A17: 7001 | B17: R G S MURUKAN | C17: ML | D17: 19-02-2025 | E17: 19-02-2025 | F17: 1 | H17: {=IFERROR( INDEX( Sheet1!$AM$5:$AM$62, MATCH( TRUE, ISNUMBER(SEARCH(LOWER(Sheet1!$AM$5:$AM$62), LOWER(B18))), 0 ) ), "NO MATCH" )} -> NO MATCH
A18: 7001 | B18: R G S MURUKAN | C18: ML | D18: 20-02-2025 | E18: 20-02-2025 | F18: 1 | H18: {=IFERROR( INDEX( Sheet1!$AM$5:$AM$62, MATCH( TRUE, ISNUMBER(SEARCH(LOWER(Sheet1!$AM$5:$AM$62), LOWER(B19))), 0 ) ), "NO MATCH" )} -> NO MATCH
A19: 7001 | B19: R G S MURUKAN | C19: ML | D19: 21-02-2025 | E19: 21-02-2025 | F19: 1 | H19: {=IFERROR( INDEX( Sheet1!$AM$5:$AM$62, MATCH( TRUE, ISNUMBER(SEARCH(LOWER(Sheet1!$AM$5:$AM$62), LOWER(B20))), 0 ) ), "NO MATCH" )} -> NO MATCH
A20: 7001 | B20: R G S MURUKAN | C20: ML | D20: 45661 | E20: 45661 | F20: 1 | H20: {=IFERROR( INDEX( Sheet1!$AM$5:$AM$62, MATCH( TRUE, ISNUMBER(SEARCH(LOWER(Sheet1!$AM$5:$AM$62), LOWER(B21))), 0 ) ), "NO MATCH" )} -> NO MATCH
A21: 7001 | B21: R G S MURUKAN | C21: ML | D21: 45692 | E21: 45692 | F21: 1 | H21: {=IFERROR( INDEX( Sheet1!$AM$5:$AM$62, MATCH( TRUE, ISNUMBER(SEARCH(LOWER(Sheet1!$AM$5:$AM$62), LOWER(B22))), 0 ) ), "NO MATCH" )} -> NO MATCH
A22: 7001 | B22: R G S MURUKAN | C22: OIL | D22: 45814 | E22: 45814 | F22: 1 | G22: Election day leave | H22: {=IFERROR( INDEX( Sheet1!$AM$5:$AM$62, MATCH( TRUE, ISNUMBER(SEARCH(LOWER(Sheet1!$AM$5:$AM$62), LOWER(B23))), 0 ) ), "NO MATCH" )} -> NO MATCH
A23: 7001 | B23: R G S MURUKAN | C23: UL | D23: 45813 | E23: 45813 | F23: 1 | G23: Unpaid Sabbatical leave | H23: {=IFERROR( INDEX( Sheet1!$AM$5:$AM$62, MATCH( TRUE, ISNUMBER(SEARCH(LOWER(Sheet1!$AM$5:$AM$62), LOWER(B24))), 0 ) ), "NO MATCH" )} -> NO MATCH
A24: 7001 | B24: R G S MURUKAN | C24: UL | D24: 45843 | E24: 45843 | F24: 1 | G24: Unpaid Sabbatical leave | H24: {=IFERROR( INDEX( Sheet1!$AM$5:$AM$62, MATCH( TRUE, ISNUMBER(SEARCH(LOWER(Sheet1!$AM$5:$AM$62), LOWER(B25))), 0 ) ), "NO MATCH" )} -> NO MATCH
A25: 7001 | B25: R G S MURUKAN | C25: UL | D25: 45874 | E25: 45874 | F25: 1 | G25: Unpaid Sabbatical leave | H25: {=IFERROR( INDEX( Sheet1!$AM$5:$AM$62, MATCH( TRUE, ISNUMBER(SEARCH(LOWER(Sheet1!$AM$5:$AM$62), LOWER(B26))), 0 ) ), "NO MATCH" )} -> NO MATCH
A26: 7001 | B26: R G S MURUKAN | C26: UL | D26: 45905 | E26: 45905 | F26: 1 | G26: Unpaid Sabbatical leave | H26: {=IFERROR( INDEX( Sheet1!$AM$5:$AM$62, MATCH( TRUE, ISNUMBER(SEARCH(LOWER(Sheet1!$AM$5:$AM$62), LOWER(B27))), 0 ) ), "NO MATCH" )} -> NO MATCH
A27: 7001 | B27: R G S MURUKAN | C27: UL | D27: 13-05-2025 | E27: 13-05-2025 | F27: 1 | G27: Unpaid Sabbatical leave | H27: {=IFERROR( INDEX( Sheet1!$AM$5:$AM$62, MATCH( TRUE, ISNUMBER(SEARCH(LOWER(Sheet1!$AM$5:$AM$62), LOWER(B28))), 0 ) ), "NO MATCH" )} -> NO MATCH
A28: 7001 | B28: R G S MURUKAN | C28: UL | D28: 14-05-2025 | E28: 14-05-2025 | F28: 1 | G28: Unpaid Sabbatical leave | H28: {=IFERROR( INDEX( Sheet1!$AM$5:$AM$62, MATCH( TRUE, ISNUMBER(SEARCH(LOWER(Sheet1!$AM$5:$AM$62), LOWER(B29))), 0 ) ), "NO MATCH" )} -> NO MATCH
A29: 7001 | B29: R G S MURUKAN | C29: UL | D29: 15-05-2025 | E29: 15-05-2025 | F29: 1 | G29: Unpaid Sabbatical leave | H29: {=IFERROR( INDEX( Sheet1!$AM$5:$AM$62, MATCH( TRUE, ISNUMBER(SEARCH(LOWER(Sheet1!$AM$5:$AM$62), LOWER(B30))), 0 ) ), "NO MATCH" )} -> NO MATCH
A30: 7001 | B30: R G S MURUKAN | C30: UL | D30: 16-05-2025 | E30: 16-05-2025 | F30: 1 | G30: Unpaid Sabbatical leave | H30: {=IFERROR( INDEX( Sheet1!$AM$5:$AM$62, MATCH( TRUE, ISNUMBER(SEARCH(LOWER(Sheet1!$AM$5:$AM$62), LOWER(B31))), 0 ) ), "NO MATCH" )} -> NO MATCH
A31: 7001 | B31: R G S MURUKAN | C31: UL | D31: 19-05-2025 | E31: 19-05-2025 | F31: 1 | G31: Unpaid Sabbatical leave | H31: {=IFERROR( INDEX( Sheet1!$AM$5:$AM$62, MATCH( TRUE, ISNUMBER(SEARCH(LOWER(Sheet1!$AM$5:$AM$62), LOWER(B32))), 0 ) ), "NO MATCH" )} -> NO MATCH
A32: 7001 | B32: R G S MURUKAN | C32: UL | D32: 20-05-2025 | E32: 20-05-2025 | F32: 1 | G32: Unpaid Sabbatical leave | H32: {=IFERROR( INDEX( Sheet1!$AM$5:$AM$62, MATCH( TRUE, ISNUMBER(SEARCH(LOWER(Sheet1!$AM$5:$AM$62), LOWER(B33))), 0 ) ), "NO MATCH" )} -> NO MATCH
A33: 7001 | B33: R G S MURUKAN | C33: UL | D33: 21-05-2025 | E33: 21-05-2025 | F33: 1 | G33: Unpaid Sabbatical leave | H33: {=IFERROR( INDEX( Sheet1!$AM$5:$AM$62, MATCH( TRUE, ISNUMBER(SEARCH(LOWER(Sheet1!$AM$5:$AM$62), LOWER(B34))), 0 ) ), "NO MATCH" )} -> NO MATCH
A34: 7001 | B34: R G S MURUKAN | C34: UL | D34: 22-05-2025 | E34: 22-05-2025 | F34: 1 | G34: Unpaid Sabbatical leave | H34: {=IFERROR( INDEX( Sheet1!$AM$5:$AM$62, MATCH( TRUE, ISNUMBER(SEARCH(LOWER(Sheet1!$AM$5:$AM$62), LOWER(B35))), 0 ) ), "NO MATCH" )} -> NO MATCH
A35: 7001 | B35: R G S MURUKAN | C35: UL | D35: 23-05-2025 | E35: 23-05-2025 | F35: 1 | G35: Unpaid Sabbatical leave | H35: {=IFERROR( INDEX( Sheet1!$AM$5:$AM$62, MATCH( TRUE, ISNUMBER(SEARCH(LOWER(Sheet1!$AM$5:$AM$62), LOWER(B36))), 0 ) ), "NO MATCH" )} -> NO MATCH
A36: 7001 | B36: R G S MURUKAN | C36: UL | D36: 26-05-2025 | E36: 26-05-2025 | F36: 1 | G36: Unpaid Sabbatical leave | H36: {=IFERROR( INDEX( Sheet1!$AM$5:$AM$62, MATCH( TRUE, ISNUMBER(SEARCH(LOWER(Sheet1!$AM$5:$AM$62), LOWER(B37))), 0 ) ), "NO MATCH" )} -> NO MATCH
A37: 7001 | B37: R G S MURUKAN | C37: UL | D37: 27-05-2025 | E37: 27-05-2025 | F37: 1 | G37: Unpaid Sabbatical leave | H37: {=IFERROR( INDEX( Sheet1!$AM$5:$AM$62, MATCH( TRUE, ISNUMBER(SEARCH(LOWER(Sheet1!$AM$5:$AM$62), LOWER(B38))), 0 ) ), "NO MATCH" )} -> NO MATCH
A38: 7001 | B38: R G S MURUKAN | C38: UL | D38: 28-05-2025 | E38: 28-05-2025 | F38: 1 | G38: Unpaid Sabbatical leave | H38: {=IFERROR( INDEX( Sheet1!$AM$5:$AM$62, MATCH( TRUE, ISNUMBER(SEARCH(LOWER(Sheet1!$AM$5:$AM$62), LOWER(B39))), 0 ) ), "NO MATCH" )} -> NO MATCH
... A40: 7001 | B40: R G S MURUKAN | C40: UL | D40: 30-05-2025 | E40: 30-05-2025 | F40: 1 | G40: Unpaid Sabbatical leave | H40: {=IFERROR( INDEX( Sheet1!$AM$5:$AM$62, MATCH( TRUE, ISNUMBER(SEARCH(LOWER(Sheet1!$AM$5:$AM$62), LOWER(B41))), 0 ) ), "NO MATCH" )} -> NO MATCH
A41: 7001 | B41: R G S MURUKAN | C41: UL | D41: 45694 | E41: 45694 | F41: 1 | G41: Unpaid Sabbatical leave | H41: {=IFERROR( INDEX( Sheet1!$AM$5:$AM$62, MATCH( TRUE, ISNUMBER(SEARCH(LOWER(Sheet1!$AM$5:$AM$62), LOWER(B42))), 0 ) ), "NO MATCH" )} -> NO MATCH
A42: 7001 | B42: R G S MURUKAN | C42: UL | D42: 45722 | E42: 45722 | F42: 1 | G42: Unpaid Sabbatical leave | H42: {=IFERROR( INDEX( Sheet1!$AM$5:$AM$62, MATCH( TRUE, ISNUMBER(SEARCH(LOWER(Sheet1!$AM$5:$AM$62), LOWER(B43))), 0 ) ), "NO MATCH" )} -> NO MATCH
A43: 7001 | B43: R G S MURUKAN | C43: UL | D43: 45753 | E43: 45753 | F43: 1 | G43: Unpaid Sabbatical leave | H43: {=IFERROR( INDEX( Sheet1!$AM$5:$AM$62, MATCH( TRUE, ISNUMBER(SEARCH(LOWER(Sheet1!$AM$5:$AM$62), LOWER(B44))), 0 ) ), "NO MATCH" )} -> NO MATCH
A44: 7001 | B44: R G S MURUKAN | C44: UL | D44: 45783 | E44: 45783 | F44: 1 | G44: Unpaid Sabbatical leave | H44: {=IFERROR( INDEX( Sheet1!$AM$5:$AM$62, MATCH( TRUE, ISNUMBER(SEARCH(LOWER(Sheet1!$AM$5:$AM$62), LOWER(B45))), 0 ) ), "NO MATCH" )} -> MOSTAFIZUR RAHMAN
A45: 14001 | B45: MOSTAFIZUR RAHMAN | C45: AL | D45: 30-06-2025 | E45: 30-06-2025 | F45: 1 | G45: I will be departing from Singapore on 29 June 2025 and will commence work on 14 July 2025 | H45: {=IFERROR( INDEX( Sheet1!$AM$5:$AM$62, MATCH( TRUE, ISNUMBER(SEARCH(LOWER(Sheet1!$AM$5:$AM$62), LOWER(B46))), 0 ) ), "NO MATCH" )} -> MOSTAFIZUR RAHMAN
A46: 14001 | B46: MOSTAFIZUR RAHMAN | C46: AL | D46: 45664 | E46: 45664 | F46: 1 | G46: I will be departing from Singapore on 29 June 2025 and will commence work on 14 July 2025 | H46: {=IFERROR( INDEX( Sheet1!$AM$5:$AM$62, MATCH( TRUE, ISNUMBER(SEARCH(LOWER(Sheet1!$AM$5:$AM$62), LOWER(B47))), 0 ) ), "NO MATCH" )} -> MOSTAFIZUR RAHMAN
A47: 14001 | B47: MOSTAFIZUR RAHMAN | C47: AL | D47: 45695 | E47: 45695 | F47: 1 | G47: I will be departing from Singapore on 29 June 2025 and will commence work on 14 July 2025 | H47: {=IFERROR( INDEX( Sheet1!$AM$5:$AM$62, MATCH( TRUE, ISNUMBER(SEARCH(LOWER(Sheet1!$AM$5:$AM$62), LOWER(B48))), 0 ) ), "NO MATCH" )} -> MOSTAFIZUR RAHMAN
A48: 14001 | B48: MOSTAFIZUR RAHMAN | C48: AL | D48: 45723 | E48: 45723 | F48: 1 | G48: I will be departing from Singapore on 29 June 2025 and will commence work on 14 July 2025 | H48: {=IFERROR( INDEX( Sheet1!$AM$5:$AM$62, MATCH( TRUE, ISNUMBER(SEARCH(LOWER(Sheet1!$AM$5:$AM$62), LOWER(B49))), 0 ) ), "NO MATCH" )} -> MOSTAFIZUR RAHMAN
A49: 14001 | B49: MOSTAFIZUR RAHMAN | C49: AL | D49: 45754 | E49: 45754 | F49: 1 | G49: I will be departing from Singapore on 29 June 2025 and will commence work on 14 July 2025 | H49: {=IFERROR( INDEX( Sheet1!$AM$5:$AM$62, MATCH( TRUE, ISNUMBER(SEARCH(LOWER(Sheet1!$AM$5:$AM$62), LOWER(B50))), 0 ) ), "NO MATCH" )} -> MOSTAFIZUR RAHMAN
A50: 14001 | B50: MOSTAFIZUR RAHMAN | C50: AL | D50: 45845 | E50: 45845 | F50: 1 | G50: I will be departing from Singapore on 29 June 2025 and will commence work on 14 July 2025 | H50: {=IFERROR( INDEX( Sheet1!$AM$5:$AM$62, MATCH( TRUE, ISNUMBER(SEARCH(LOWER(Sheet1!$AM$5:$AM$62), LOWER(B51))), 0 ) ), "NO MATCH" )} -> MOSTAFIZUR RAHMAN
A51: 14001 | B51: MOSTAFIZUR RAHMAN | C51: AL | D51: 45876 | E51: 45876 | F51: 1 | G51: I will be departing from Singapore on 29 June 2025 and will commence work on 14 July 2025 | H51: {=IFERROR( INDEX( Sheet1!$AM$5:$AM$62, MATCH( TRUE, ISNUMBER(SEARCH(LOWER(Sheet1!$AM$5:$AM$62), LOWER(B52))), 0 ) ), "NO MATCH" )} -> MOSTAFIZUR RAHMAN
A52: 14001 | B52: MOSTAFIZUR RAHMAN | C52: AL | D52: 45907 | E52: 45907 | F52: 1 | G52: I will be departing from Singapore on 29 June 2025 and will commence work on 14 July 2025 | H52: {=IFERROR( INDEX( Sheet1!$AM$5:$AM$62, MATCH( TRUE, ISNUMBER(SEARCH(LOWER(Sheet1!$AM$5:$AM$62), LOWER(B53))), 0 ) ), "NO MATCH" )} -> MOSTAFIZUR RAHMAN
A53: 14001 | B53: MOSTAFIZUR RAHMAN | C53: AL | D53: 45937 | E53: 45937 | F53: 1 | G53: I will be departing from Singapore on 29 June 2025 and will commence work on 14 July 2025 | H53: {=IFERROR( INDEX( Sheet1!$AM$5:$AM$62, MATCH( TRUE, ISNUMBER(SEARCH(LOWER(Sheet1!$AM$5:$AM$62), LOWER(B54))), 0 ) ), "NO MATCH" )} -> MOSTAFIZUR RAHMAN
A54: 14001 | B54: MOSTAFIZUR RAHMAN | C54: AL | D54: 45968 | E54: 45968 | F54: 1 | G54: I will be departing from Singapore on 29 June 2025 and will commence work on 14 July 2025 | H54: {=IFERROR( INDEX( Sheet1!$AM$5:$AM$62, MATCH( TRUE, ISNUMBER(SEARCH(LOWER(Sheet1!$AM$5:$AM$62), LOWER(B55))), 0 ) ), "NO MATCH" )} -> MOSTAFIZUR RAHMAN
A55: 14001 | B55: MOSTAFIZUR RAHMAN | C55: ML | D55: 45870 | E55: 45870 | F55: 1 | H55: {=IFERROR( INDEX( Sheet1!$AM$5:$AM$62, MATCH( TRUE, ISNUMBER(SEARCH(LOWER(Sheet1!$AM$5:$AM$62), LOWER(B56))), 0 ) ), "NO MATCH" )} -> MOSTAFIZUR RAHMAN
A56: 14001 | B56: MOSTAFIZUR RAHMAN | C56: ML | D56: 13-01-2025 | E56: 13-01-2025 | F56: 1 | H56: {=IFERROR( INDEX( Sheet1!$AM$5:$AM$62, MATCH( TRUE, ISNUMBER(SEARCH(LOWER(Sheet1!$AM$5:$AM$62), LOWER(B57))), 0 ) ), "NO MATCH" )} -> MOSTAFIZUR RAHMAN
A57: 14001 | B57: MOSTAFIZUR RAHMAN | C57: OIL | D57: 45879 | E57: 45879 | F57: 1 | G57: Short trip with family (Malaysia) [ Cancelled / Rejected Leave Re Applied ] | H57: {=IFERROR( INDEX( Sheet1!$AM$5:$AM$62, MATCH( TRUE, ISNUMBER(SEARCH(LOWER(Sheet1!$AM$5:$AM$62), LOWER(B58))), 0 ) ), "NO MATCH" )} -> MOSTAFIZUR RAHMAN
A58: 14001 | B58: MOSTAFIZUR RAHMAN | C58: OIL | D58: 45910 | E58: 45910 | F58: 1 | G58: Short trip with family (Malaysia) [ Cancelled / Rejected Leave Re Applied ] | H58: {=IFERROR( INDEX( Sheet1!$AM$5:$AM$62, MATCH( TRUE, ISNUMBER(SEARCH(LOWER(Sheet1!$AM$5:$AM$62), LOWER(B59))), 0 ) ), "NO MATCH" )} -> MOSTAFIZUR RAHMAN
A59: 14001 | B59: MOSTAFIZUR RAHMAN | C59: OIL | D59: 45940 | E59: 45940 | F59: 1 | G59: Short trip with family (Malaysia) [ Cancelled / Rejected Leave Re Applied ] | H59: {=IFERROR( INDEX( Sheet1!$AM$5:$AM$62, MATCH( TRUE, ISNUMBER(SEARCH(LOWER(Sheet1!$AM$5:$AM$62), LOWER(B60))), 0 ) ), "NO MATCH" )} -> VELLAIKKANNU VADIVELU
A60: 15001 | B60: VELLAIKKANNU VADIVELU | C60: AL | D60: 28-02-2025 | E60: 28-02-2025 | F60: 1 | H60: {=IFERROR( INDEX( Sheet1!$AM$5:$AM$62, MATCH( TRUE, ISNUMBER(SEARCH(LOWER(Sheet1!$AM$5:$AM$62), LOWER(B61))), 0 ) ), "NO MATCH" )} -> VELLAIKKANNU VADIVELU
A61: 15001 | B61: VELLAIKKANNU VADIVELU | C61: AL | D61: 45719 | E61: 45719 | F61: 1 | H61: {=IFERROR( INDEX( Sheet1!$AM$5:$AM$62, MATCH( TRUE, ISNUMBER(SEARCH(LOWER(Sheet1!$AM$5:$AM$62), LOWER(B62))), 0 ) ), "NO MATCH" )} -> VELLAIKKANNU VADIVELU
A62: 15001 | B62: VELLAIKKANNU VADIVELU | C62: AL | D62: 45750 | E62: 45750 | F62: 1 | H62: {=IFERROR( INDEX( Sheet1!$AM$5:$AM$62, MATCH( TRUE, ISNUMBER(SEARCH(LOWER(Sheet1!$AM$5:$AM$62), LOWER(B63))), 0 ) ), "NO MATCH" )} -> VELLAIKKANNU VADIVELU
A63: 15001 | B63: VELLAIKKANNU VADIVELU | C63: AL | D63: 45780 | E63: 45780 | F63: 1 | H63: {=IFERROR( INDEX( Sheet1!$AM$5:$AM$62, MATCH( TRUE, ISNUMBER(SEARCH(LOWER(Sheet1!$AM$5:$AM$62), LOWER(B64))), 0 ) ), "NO MATCH" )} -> VELLAIKKANNU VADIVELU
A64: 15001 | B64: VELLAIKKANNU VADIVELU | C64: AL | D64: 45811 | E64: 45811 | F64: 1 | H64: {=IFERROR( INDEX( Sheet1!$AM$5:$AM$62, MATCH( TRUE, ISNUMBER(SEARCH(LOWER(Sheet1!$AM$5:$AM$62), LOWER(B65))), 0 ) ), "NO MATCH" )} -> VELLAIKKANNU VADIVELU
A65: 15001 | B65: VELLAIKKANNU VADIVELU | C65: AL | D65: 45841 | E65: 45841 | F65: 1 | H65: {=IFERROR( INDEX( Sheet1!$AM$5:$AM$62, MATCH( TRUE, ISNUMBER(SEARCH(LOWER(Sheet1!$AM$5:$AM$62), LOWER(B66))), 0 ) ), "NO MATCH" )} -> VELLAIKKANNU VADIVELU
A66: 15001 | B66: VELLAIKKANNU VADIVELU | C66: AL | D66: 45872 | E66: 45872 | F66: 1 | H66: {=IFERROR( INDEX( Sheet1!$AM$5:$AM$62, MATCH( TRUE, ISNUMBER(SEARCH(LOWER(Sheet1!$AM$5:$AM$62), LOWER(B67))), 0 ) ), "NO MATCH" )} -> VELLAIKKANNU VADIVELU
A67: 15001 | B67: VELLAIKKANNU VADIVELU | C67: AL | D67: 45661 | E67: 45661 | F67: 1 | H67: {=IFERROR( INDEX( Sheet1!$AM$5:$AM$62, MATCH( TRUE, ISNUMBER(SEARCH(LOWER(Sheet1!$AM$5:$AM$62), LOWER(B68))), 0 ) ), "NO MATCH" )} -> VELLAIKKANNU VADIVELU
A68: 15001 | B68: VELLAIKKANNU VADIVELU | C68: ALSH | D68: 45660 | E68: 45660 | F68: 0.5 | H68: {=IFERROR( INDEX( Sheet1!$AM$5:$AM$62, MATCH( TRUE, ISNUMBER(SEARCH(LOWER(Sheet1!$AM$5:$AM$62), LOWER(B69))), 0 ) ), "NO MATCH" )} -> VELLAIKKANNU VADIVELU
A69: 15001 | B69: VELLAIKKANNU VADIVELU | C69: ML | D69: 23-07-2025 | E69: 23-07-2025 | F69: 1 | G69: fever | H69: {=IFERROR( INDEX( Sheet1!$AM$5:$AM$62, MATCH( TRUE, ISNUMBER(SEARCH(LOWER(Sheet1!$AM$5:$AM$62), LOWER(B70))), 0 ) ), "NO MATCH" )} -> VELLAIKKANNU VADIVELU
A70: 15001 | B70: VELLAIKKANNU VADIVELU | C70: ML | D70: 24-07-2025 | E70: 24-07-2025 | F70: 1 | G70: fever | H70: {=IFERROR( INDEX( Sheet1!$AM$5:$AM$62, MATCH( TRUE, ISNUMBER(SEARCH(LOWER(Sheet1!$AM$5:$AM$62), LOWER(B71))), 0 ) ), "NO MATCH" )} -> VELLAIKKANNU VADIVELU
A71: 15001 | B71: VELLAIKKANNU VADIVELU | C71: OIL | D71: 31-01-2025 | E71: 31-01-2025 | F71: 1 | H71: {=IFERROR( INDEX( Sheet1!$AM$5:$AM$62, MATCH( TRUE, ISNUMBER(SEARCH(LOWER(Sheet1!$AM$5:$AM$62), LOWER(B72))), 0 ) ), "NO MATCH" )} -> VELLAIKKANNU VADIVELU
A72: 15001 | B72: VELLAIKKANNU VADIVELU | C72: OIL | D72: 45659 | E72: 45659 | F72: 1 | H72: {=IFERROR( INDEX( Sheet1!$AM$5:$AM$62, MATCH( TRUE, ISNUMBER(SEARCH(LOWER(Sheet1!$AM$5:$AM$62), LOWER(B73))), 0 ) ), "NO MATCH" )} -> VELLAIKKANNU VADIVELU
A73: 15001 | B73: VELLAIKKANNU VADIVELU | C73: OIL | D73: 45718 | E73: 45718 | F73: 1 | H73: {=IFERROR( INDEX( Sheet1!$AM$5:$AM$62, MATCH( TRUE, ISNUMBER(SEARCH(LOWER(Sheet1!$AM$5:$AM$62), LOWER(B74))), 0 ) ), "NO MATCH" )} -> VELLAIKKANNU VADIVELU
A74: 15001 | B74: VELLAIKKANNU VADIVELU | C74: OIL | D74: 45749 | E74: 45749 | F74: 1 | H74: {=IFERROR( INDEX( Sheet1!$AM$5:$AM$62, MATCH( TRUE, ISNUMBER(SEARCH(LOWER(Sheet1!$AM$5:$AM$62), LOWER(B75))), 0 ) ), "NO MATCH" )} -> VELLAIKKANNU VADIVELU
A75: 15001 | B75: VELLAIKKANNU VADIVELU | C75: OIL | D75: 45779 | E75: 45779 | F75: 1 | H75: {=IFERROR( INDEX( Sheet1!$AM$5:$AM$62, MATCH( TRUE, ISNUMBER(SEARCH(LOWER(Sheet1!$AM$5:$AM$62), LOWER(B76))), 0 ) ), "NO MATCH" )} -> VELLAIKKANNU VADIVELU
A76: 15001 | B76: VELLAIKKANNU VADIVELU | C76: OIL | D76: 45810 | E76: 45810 | F76: 1 | H76: {=IFERROR( INDEX( Sheet1!$AM$5:$AM$62, MATCH( TRUE, ISNUMBER(SEARCH(LOWER(Sheet1!$AM$5:$AM$62), LOWER(B77))), 0 ) ), "NO MATCH" )} -> VELLAIKKANNU VADIVELU
A77: 15001 | B77: VELLAIKKANNU VADIVELU | C77: OIL | D77: 45840 | E77: 45840 | F77: 1 | H77: {=IFERROR( INDEX( Sheet1!$AM$5:$AM$62, MATCH( TRUE, ISNUMBER(SEARCH(LOWER(Sheet1!$AM$5:$AM$62), LOWER(B78))), 0 ) ), "NO MATCH" )} -> VELLAIKKANNU VADIVELU
A78: 15001 | B78: VELLAIKKANNU VADIVELU | C78: OIL | D78: 45871 | E78: 45871 | F78: 1 | H78: {=IFERROR( INDEX( Sheet1!$AM$5:$AM$62, MATCH( TRUE, ISNUMBER(SEARCH(LOWER(Sheet1!$AM$5:$AM$62), LOWER(B79))), 0 ) ), "NO MATCH" )} -> VELLAIKKANNU VADIVELU
A79: 15001 | B79: VELLAIKKANNU VADIVELU | C79: OIL | D79: 22-02-2025 | E79: 22-02-2025 | F79: 1 | H79: {=IFERROR( INDEX( Sheet1!$AM$5:$AM$62, MATCH( TRUE, ISNUMBER(SEARCH(LOWER(Sheet1!$AM$5:$AM$62), LOWER(B80))), 0 ) ), "NO MATCH" )} -> VELLAIKKANNU VADIVELU
A80: 15001 | B80: VELLAIKKANNU VADIVELU | C80: OIL | D80: 24-02-2025 | E80: 24-02-2025 | F80: 1 | H80: {=IFERROR( INDEX( Sheet1!$AM$5:$AM$62, MATCH( TRUE, ISNUMBER(SEARCH(LOWER(Sheet1!$AM$5:$AM$62), LOWER(B81))), 0 ) ), "NO MATCH" )} -> VELLAIKKANNU VADIVELU
A81: 15001 | B81: VELLAIKKANNU VADIVELU | C81: OIL | D81: 25-02-2025 | E81: 25-02-2025 | F81: 1 | H81: {=IFERROR( INDEX( Sheet1!$AM$5:$AM$62, MATCH( TRUE, ISNUMBER(SEARCH(LOWER(Sheet1!$AM$5:$AM$62), LOWER(B82))), 0 ) ), "NO MATCH" )} -> VELLAIKKANNU VADIVELU
A82: 15001 | B82: VELLAIKKANNU VADIVELU | C82: OIL | D82: 26-02-2025 | E82: 26-02-2025 | F82: 1 | H82: {=IFERROR( INDEX( Sheet1!$AM$5:$AM$62, MATCH( TRUE, ISNUMBER(SEARCH(LOWER(Sheet1!$AM$5:$AM$62), LOWER(B83))), 0 ) ), "NO MATCH" )} -> VELLAIKKANNU VADIVELU
A83: 15001 | B83: VELLAIKKANNU VADIVELU | C83: OIL | D83: 27-02-2025 | E83: 27-02-2025 | F83: 1 | H83: {=IFERROR( INDEX( Sheet1!$AM$5:$AM$62, MATCH( TRUE, ISNUMBER(SEARCH(LOWER(Sheet1!$AM$5:$AM$62), LOWER(B84))), 0 ) ), "NO MATCH" )} -> VELLAIKKANNU VADIVELU
A84: 15001 | B84: VELLAIKKANNU VADIVELU | C84: OILFH | D84: 45660 | E84: 45660 | F84: 0.5 | H84: {=IFERROR( INDEX( Sheet1!$AM$5:$AM$62, MATCH( TRUE, ISNUMBER(SEARCH(LOWER(Sheet1!$AM$5:$AM$62), LOWER(B85))), 0 ) ), "NO MATCH" )} -> VELLAIKKANNU VADIVELU
A85: 15001 | B85: VELLAIKKANNU VADIVELU | C85: UL | D85: 17-09-2025 | E85: 17-09-2025 | F85: 1 | H85: {=IFERROR( INDEX( Sheet1!$AM$5:$AM$62, MATCH( TRUE, ISNUMBER(SEARCH(LOWER(Sheet1!$AM$5:$AM$62), LOWER(B86))), 0 ) ), "NO MATCH" )} -> VELLAIKKANNU VADIVELU
A86: 15001 | B86: VELLAIKKANNU VADIVELU | C86: UL | D86: 18-09-2025 | E86: 18-09-2025 | F86: 1 | H86: {=IFERROR( INDEX( Sheet1!$AM$5:$AM$62, MATCH( TRUE, ISNUMBER(SEARCH(LOWER(Sheet1!$AM$5:$AM$62), LOWER(B87))), 0 ) ), "NO MATCH" )} -> VELLAIKKANNU VADIVELU
A87: 15001 | B87: VELLAIKKANNU VADIVELU | C87: UL | D87: 19-09-2025 | E87: 19-09-2025 | F87: 1 | H87: {=IFERROR( INDEX( Sheet1!$AM$5:$AM$62, MATCH( TRUE, ISNUMBER(SEARCH(LOWER(Sheet1!$AM$5:$AM$62), LOWER(B88))), 0 ) ), "NO MATCH" )} -> VELLAIKKANNU VADIVELU
A88: 15001 | B88: VELLAIKKANNU VADIVELU | C88: UL | D88: 20-09-2025 | E88: 20-09-2025 | F88: 1 | H88: {=IFERROR( INDEX( Sheet1!$AM$5:$AM$62, MATCH( TRUE, ISNUMBER(SEARCH(LOWER(Sheet1!$AM$5:$AM$62), LOWER(B89))), 0 ) ), "NO MATCH" )} -> VELLAIKKANNU VADIVELU
A89: 15001 | B89: VELLAIKKANNU VADIVELU | C89: UL | D89: 22-09-2025 | E89: 22-09-2025 | F89: 1 | H89: {=IFERROR( INDEX( Sheet1!$AM$5:$AM$62, MATCH( TRUE, ISNUMBER(SEARCH(LOWER(Sheet1!$AM$5:$AM$62), LOWER(B90))), 0 ) ), "NO MATCH" )} -> VELLAIKKANNU VADIVELU
A90: 15001 | B90: VELLAIKKANNU VADIVELU | C90: UL | D90: 23-09-2025 | E90: 23-09-2025 | F90: 1 | H90: {=IFERROR( INDEX( Sheet1!$AM$5:$AM$62, MATCH( TRUE, ISNUMBER(SEARCH(LOWER(Sheet1!$AM$5:$AM$62), LOWER(B91))), 0 ) ), "NO MATCH" )} -> VELLAIKKANNU VADIVELU
A91: 15001 | B91: VELLAIKKANNU VADIVELU | C91: UL | D91: 24-09-2025 | E91: 24-09-2025 | F91: 1 | H91: {=IFERROR( INDEX( Sheet1!$AM$5:$AM$62, MATCH( TRUE, ISNUMBER(SEARCH(LOWER(Sheet1!$AM$5:$AM$62), LOWER(B92))), 0 ) ), "NO MATCH" )} -> VELLAIKKANNU VADIVELU
A92: 15001 | B92: VELLAIKKANNU VADIVELU | C92: UL | D92: 25-09-2025 | E92: 25-09-2025 | F92: 1 | H92: {=IFERROR( INDEX( Sheet1!$AM$5:$AM$62, MATCH( TRUE, ISNUMBER(SEARCH(LOWER(Sheet1!$AM$5:$AM$62), LOWER(B93))), 0 ) ), "NO MATCH" )} -> VELLAIKKANNU VADIVELU
A93: 15001 | B93: VELLAIKKANNU VADIVELU | C93: UL | D93: 26-09-2025 | E93: 26-09-2025 | F93: 1 | H93: {=IFERROR( INDEX( Sheet1!$AM$5:$AM$62, MATCH( TRUE, ISNUMBER(SEARCH(LOWER(Sheet1!$AM$5:$AM$62), LOWER(B94))), 0 ) ), "NO MATCH" )} -> VELLAIKKANNU VADIVELU
A94: 15001 | B94: VELLAIKKANNU VADIVELU | C94: UL | D94: 27-09-2025 | E94: 27-09-2025 | F94: 1 | H94: {=IFERROR( INDEX( Sheet1!$AM$5:$AM$62, MATCH( TRUE, ISNUMBER(SEARCH(LOWER(Sheet1!$AM$5:$AM$62), LOWER(B95))), 0 ) ), "NO MATCH" )} -> VELLAIKKANNU VADIVELU
A95: 15001 | B95: VELLAIKKANNU VADIVELU | C95: UL | D95: 29-09-2025 | E95: 29-09-2025 | F95: 1 | H95: {=IFERROR( INDEX( Sheet1!$AM$5:$AM$62, MATCH( TRUE, ISNUMBER(SEARCH(LOWER(Sheet1!$AM$5:$AM$62), LOWER(B96))), 0 ) ), "NO MATCH" )} -> VELLAIKKANNU VADIVELU
A96: 15001 | B96: VELLAIKKANNU VADIVELU | C96: UL | D96: 30-09-2025 | E96: 30-09-2025 | F96: 1 | H96: {=IFERROR( INDEX( Sheet1!$AM$5:$AM$62, MATCH( TRUE, ISNUMBER(SEARCH(LOWER(Sheet1!$AM$5:$AM$62), LOWER(B97))), 0 ) ), "NO MATCH" )} -> VELLAIKKANNU VADIVELU
A97: 15001 | B97: VELLAIKKANNU VADIVELU | C97: UL | D97: 45667 | E97: 45667 | F97: 1 | H97: {=IFERROR( INDEX( Sheet1!$AM$5:$AM$62, MATCH( TRUE, ISNUMBER(SEARCH(LOWER(Sheet1!$AM$5:$AM$62), LOWER(B98))), 0 ) ), "NO MATCH" )} -> VELLAIKKANNU VADIVELU
A98: 15001 | B98: VELLAIKKANNU VADIVELU | C98: UL | D98: 45698 | E98: 45698 | F98: 1 | H98: {=IFERROR( INDEX( Sheet1!$AM$5:$AM$62, MATCH( TRUE, ISNUMBER(SEARCH(LOWER(Sheet1!$AM$5:$AM$62), LOWER(B99))), 0 ) ), "NO MATCH" )} -> VELLAIKKANNU VADIVELU
A99: 15001 | B99: VELLAIKKANNU VADIVELU | C99: UL | D99: 45726 | E99: 45726 | F99: 1 | H99: {=IFERROR( INDEX( Sheet1!$AM$5:$AM$62, MATCH( TRUE, ISNUMBER(SEARCH(LOWER(Sheet1!$AM$5:$AM$62), LOWER(B100))), 0 ) ), "NO MATCH" )} -> VELLAIKKANNU VADIVELU
A100: 15001 | B100: VELLAIKKANNU VADIVELU | C100: UL | D100: 45757 | E100: 45757 | F100: 1 | H100: {=IFERROR( INDEX( Sheet1!$AM$5:$AM$62, MATCH( TRUE, ISNUMBER(SEARCH(LOWER(Sheet1!$AM$5:$AM$62), LOWER(B101))), 0 ) ), "NO MATCH" )} -> VELLAIKKANNU VADIVELU
A101: 15001 | B101: VELLAIKKANNU VADIVELU | C101: UL | D101: 45818 | E101: 45818 | F101: 1 | H101: {=IFERROR( INDEX( Sheet1!$AM$5:$AM$62, MATCH( TRUE, ISNUMBER(SEARCH(LOWER(Sheet1!$AM$5:$AM$62), LOWER(B102))), 0 ) ), "NO MATCH" )} -> VELLAIKKANNU VADIVELU
...

Sheet Employee
A1: Employee Code | B1: Employee Name | C1: Leave Type | D1: From Date | E1: To Date | F1: Days | G1: Remarks | H1: Name?
A2: 7001 | B2: R G S MURUKAN | C2: UL | D2: 45783 | E2: 45783 | F2: 1 | G2: Unpaid Sabbatical leave | H2: MOSTAFIZUR RAHMAN
A3: 14001 | B3: MOSTAFIZUR RAHMAN | C3: AL | D3: 30-06-2025 | E3: 30-06-2025 | F3: 1 | G3: I will be departing from Singapore on 29 June 2025 and will commence work on 14 July 2025 | H3: MOSTAFIZUR RAHMAN
A4: 14001 | B4: MOSTAFIZUR RAHMAN | C4: AL | D4: 45664 | E4: 45664 | F4: 1 | G4: I will be departing from Singapore on 29 June 2025 and will commence work on 14 July 2025 | H4: MOSTAFIZUR RAHMAN
A5: 14001 | B5: MOSTAFIZUR RAHMAN | C5: AL | D5: 45695 | E5: 45695 | F5: 1 | G5: I will be departing from Singapore on 29 June 2025 and will commence work on 14 July 2025 | H5: MOSTAFIZUR RAHMAN
A6: 14001 | B6: MOSTAFIZUR RAHMAN | C6: AL | D6: 45723 | E6: 45723 | F6: 1 | G6: I will be departing from Singapore on 29 June 2025 and will commence work on 14 July 2025 | H6: MOSTAFIZUR RAHMAN
A7: 14001 | B7: MOSTAFIZUR RAHMAN | C7: AL | D7: 45754 | E7: 45754 | F7: 1 | G7: I will be departing from Singapore on 29 June 2025 and will commence work on 14 July 2025 | H7: MOSTAFIZUR RAHMAN
A8: 14001 | B8: MOSTAFIZUR RAHMAN | C8: AL | D8: 45845 | E8: 45845 | F8: 1 | G8: I will be departing from Singapore on 29 June 2025 and will commence work on 14 July 2025 | H8: MOSTAFIZUR RAHMAN
A9: 14001 | B9: MOSTAFIZUR RAHMAN | C9: AL | D9: 45876 | E9: 45876 | F9: 1 | G9: I will be departing from Singapore on 29 June 2025 and will commence work on 14 July 2025 | H9: MOSTAFIZUR RAHMAN
A10: 14001 | B10: MOSTAFIZUR RAHMAN | C10: AL | D10: 45907 | E10: 45907 | F10: 1 | G10: I will be departing from Singapore on 29 June 2025 and will commence work on 14 July 2025 | H10: MOSTAFIZUR RAHMAN
A11: 14001 | B11: MOSTAFIZUR RAHMAN | C11: AL | D11: 45937 | E11: 45937 | F11: 1 | G11: I will be departing from Singapore on 29 June 2025 and will commence work on 14 July 2025 | H11: MOSTAFIZUR RAHMAN
A12: 14001 | B12: MOSTAFIZUR RAHMAN | C12: AL | D12: 45968 | E12: 45968 | F12: 1 | G12: I will be departing from Singapore on 29 June 2025 and will commence work on 14 July 2025 | H12: MOSTAFIZUR RAHMAN
A13: 14001 | B13: MOSTAFIZUR RAHMAN | C13: ML | D13: 45870 | E13: 45870 | F13: 1 | H13: MOSTAFIZUR RAHMAN
A14: 14001 | B14: MOSTAFIZUR RAHMAN | C14: ML | D14: 13-01-2025 | E14: 13-01-2025 | F14: 1 | H14: MOSTAFIZUR RAHMAN
A15: 14001 | B15: MOSTAFIZUR RAHMAN | C15: OIL | D15: 45879 | E15: 45879 | F15: 1 | G15: Short trip with family (Malaysia) [ Cancelled / Rejected Leave Re Applied ] | H15: MOSTAFIZUR RAHMAN
A16: 14001 | B16: MOSTAFIZUR RAHMAN | C16: OIL | D16: 45910 | E16: 45910 | F16: 1 | G16: Short trip with family (Malaysia) [ Cancelled / Rejected Leave Re Applied ] | H16: MOSTAFIZUR RAHMAN
A17: 14001 | B17: MOSTAFIZUR RAHMAN | C17: OIL | D17: 45940 | E17: 45940 | F17: 1 | G17: Short trip with family (Malaysia) [ Cancelled / Rejected Leave Re Applied ] | H17: VELLAIKKANNU VADIVELU
A18: 15001 | B18: VELLAIKKANNU VADIVELU | C18: AL | D18: 28-02-2025 | E18: 28-02-2025 | F18: 1 | H18: VELLAIKKANNU VADIVELU
A19: 15001 | B19: VELLAIKKANNU VADIVELU | C19: AL | D19: 45719 | E19: 45719 | F19: 1 | H19: VELLAIKKANNU VADIVELU
A20: 15001 | B20: VELLAIKKANNU VADIVELU | C20: AL | D20: 45750 | E20: 45750 | F20: 1 | H20: VELLAIKKANNU VADIVELU
A21: 15001 | B21: VELLAIKKANNU VADIVELU | C21: AL | D21: 45780 | E21: 45780 | F21: 1 | H21: VELLAIKKANNU VADIVELU
A22: 15001 | B22: VELLAIKKANNU VADIVELU | C22: AL | D22: 45811 | E22: 45811 | F22: 1 | H22: VELLAIKKANNU VADIVELU
A23: 15001 | B23: VELLAIKKANNU VADIVELU | C23: AL | D23: 45841 | E23: 45841 | F23: 1 | H23: VELLAIKKANNU VADIVELU
A24: 15001 | B24: VELLAIKKANNU VADIVELU | C24: AL | D24: 45872 | E24: 45872 | F24: 1 | H24: VELLAIKKANNU VADIVELU
A25: 15001 | B25: VELLAIKKANNU VADIVELU | C25: AL | D25: 45661 | E25: 45661 | F25: 1 | H25: VELLAIKKANNU VADIVELU
A26: 15001 | B26: VELLAIKKANNU VADIVELU | C26: ALSH | D26: 45660 | E26: 45660 | F26: 0.5 | H26: VELLAIKKANNU VADIVELU
A27: 15001 | B27: VELLAIKKANNU VADIVELU | C27: ML | D27: 23-07-2025 | E27: 23-07-2025 | F27: 1 | G27: fever | H27: VELLAIKKANNU VADIVELU
A28: 15001 | B28: VELLAIKKANNU VADIVELU | C28: ML | D28: 24-07-2025 | E28: 24-07-2025 | F28: 1 | G28: fever | H28: VELLAIKKANNU VADIVELU
A29: 15001 | B29: VELLAIKKANNU VADIVELU | C29: OIL | D29: 31-01-2025 | E29: 31-01-2025 | F29: 1 | H29: VELLAIKKANNU VADIVELU
A30: 15001 | B30: VELLAIKKANNU VADIVELU | C30: OIL | D30: 45659 | E30: 45659 | F30: 1 | H30: VELLAIKKANNU VADIVELU
A31: 15001 | B31: VELLAIKKANNU VADIVELU | C31: OIL | D31: 45718 | E31: 45718 | F31: 1 | H31: VELLAIKKANNU VADIVELU
A32: 15001 | B32: VELLAIKKANNU VADIVELU | C32: OIL | D32: 45749 | E32: 45749 | F32: 1 | H32: VELLAIKKANNU VADIVELU
A33: 15001 | B33: VELLAIKKANNU VADIVELU | C33: OIL | D33: 45779 | E33: 45779 | F33: 1 | H33: VELLAIKKANNU VADIVELU
A34: 15001 | B34: VELLAIKKANNU VADIVELU | C34: OIL | D34: 45810 | E34: 45810 | F34: 1 | H34: VELLAIKKANNU VADIVELU
A35: 15001 | B35: VELLAIKKANNU VADIVELU | C35: OIL | D35: 45840 | E35: 45840 | F35: 1 | H35: VELLAIKKANNU VADIVELU
A36: 15001 | B36: VELLAIKKANNU VADIVELU | C36: OIL | D36: 45871 | E36: 45871 | F36: 1 | H36: VELLAIKKANNU VADIVELU
A37: 15001 | B37: VELLAIKKANNU VADIVELU | C37: OIL | D37: 22-02-2025 | E37: 22-02-2025 | F37: 1 | H37: VELLAIKKANNU VADIVELU
A38: 15001 | B38: VELLAIKKANNU VADIVELU | C38: OIL | D38: 24-02-2025 | E38: 24-02-2025 | F38: 1 | H38: VELLAIKKANNU VADIVELU
A39: 15001 | B39: VELLAIKKANNU VADIVELU | C39: OIL | D39: 25-02-2025 | E39: 25-02-2025 | F39: 1 | H39: VELLAIKKANNU VADIVELU
A40: 15001 | B40: VELLAIKKANNU VADIVELU | C40: OIL | D40: 26-02-2025 | E40: 26-02-2025 | F40: 1 | H40: VELLAIKKANNU VADIVELU
A41: 15001 | B41: VELLAIKKANNU VADIVELU | C41: OIL | D41: 27-02-2025 | E41: 27-02-2025 | F41: 1 | H41: VELLAIKKANNU VADIVELU
A42: 15001 | B42: VELLAIKKANNU VADIVELU | C42: OILFH | D42: 45660 | E42: 45660 | F42: 0.5 | H42: VELLAIKKANNU VADIVELU
A43: 15001 | B43: VELLAIKKANNU VADIVELU | C43: UL | D43: 17-09-2025 | E43: 17-09-2025 | F43: 1 | H43: VELLAIKKANNU VADIVELU
A44: 15001 | B44: VELLAIKKANNU VADIVELU | C44: UL | D44: 18-09-2025 | E44: 18-09-2025 | F44: 1 | H44: VELLAIKKANNU VADIVELU
A45: 15001 | B45: VELLAIKKANNU VADIVELU | C45: UL | D45: 19-09-2025 | E45: 19-09-2025 | F45: 1 | H45: VELLAIKKANNU VADIVELU
A46: 15001 | B46: VELLAIKKANNU VADIVELU | C46: UL | D46: 20-09-2025 | E46: 20-09-2025 | F46: 1 | H46: VELLAIKKANNU VADIVELU
A47: 15001 | B47: VELLAIKKANNU VADIVELU | C47: UL | D47: 22-09-2025 | E47: 22-09-2025 | F47: 1 | H47: VELLAIKKANNU VADIVELU
A48: 15001 | B48: VELLAIKKANNU VADIVELU | C48: UL | D48: 23-09-2025 | E48: 23-09-2025 | F48: 1 | H48: VELLAIKKANNU VADIVELU
A49: 15001 | B49: VELLAIKKANNU VADIVELU | C49: UL | D49: 24-09-2025 | E49: 24-09-2025 | F49: 1 | H49: VELLAIKKANNU VADIVELU
A50: 15001 | B50: VELLAIKKANNU VADIVELU | C50: UL | D50: 25-09-2025 | E50: 25-09-2025 | F50: 1 | H50: VELLAIKKANNU VADIVELU
A51: 15001 | B51: VELLAIKKANNU VADIVELU | C51: UL | D51: 26-09-2025 | E51: 26-09-2025 | F51: 1 | H51: VELLAIKKANNU VADIVELU
A52: 15001 | B52: VELLAIKKANNU VADIVELU | C52: UL | D52: 27-09-2025 | E52: 27-09-2025 | F52: 1 | H52: VELLAIKKANNU VADIVELU
A53: 15001 | B53: VELLAIKKANNU VADIVELU | C53: UL | D53: 29-09-2025 | E53: 29-09-2025 | F53: 1 | H53: VELLAIKKANNU VADIVELU
A54: 15001 | B54: VELLAIKKANNU VADIVELU | C54: UL | D54: 30-09-2025 | E54: 30-09-2025 | F54: 1 | H54: VELLAIKKANNU VADIVELU
A55: 15001 | B55: VELLAIKKANNU VADIVELU | C55: UL | D55: 45667 | E55: 45667 | F55: 1 | H55: VELLAIKKANNU VADIVELU
A56: 15001 | B56: VELLAIKKANNU VADIVELU | C56: UL | D56: 45698 | E56: 45698 | F56: 1 | H56: VELLAIKKANNU VADIVELU
A57: 15001 | B57: VELLAIKKANNU VADIVELU | C57: UL | D57: 45726 | E57: 45726 | F57: 1 | H57: VELLAIKKANNU VADIVELU
A58: 15001 | B58: VELLAIKKANNU VADIVELU | C58: UL | D58: 45757 | E58: 45757 | F58: 1 | H58: VELLAIKKANNU VADIVELU
A59: 15001 | B59: VELLAIKKANNU VADIVELU | C59: UL | D59: 45818 | E59: 45818 | F59: 1 | H59: VELLAIKKANNU VADIVELU
A60: 15001 | B60: VELLAIKKANNU VADIVELU | C60: UL | D60: 45848 | E60: 45848 | F60: 1 | H60: VELLAIKKANNU VADIVELU
A61: 15001 | B61: VELLAIKKANNU VADIVELU | C61: UL | D61: 45879 | E61: 45879 | F61: 1 | H61: VELLAIKKANNU VADIVELU
A62: 15001 | B62: VELLAIKKANNU VADIVELU | C62: UL | D62: 45910 | E62: 45910 | F62: 1 | H62: VELLAIKKANNU VADIVELU
A63: 15001 | B63: VELLAIKKANNU VADIVELU | C63: UL | D63: 45940 | E63: 45940 | F63: 1 | H63: VELLAIKKANNU VADIVELU
A64: 15001 | B64: VELLAIKKANNU VADIVELU | C64: UL | D64: 45971 | E64: 45971 | F64: 1 | H64: VELLAIKKANNU VADIVELU
A65: 15001 | B65: VELLAIKKANNU VADIVELU | C65: UL | D65: 13-10-2025 | E65: 13-10-2025 | F65: 1 | G65: Family Season | H65: VELLAIKKANNU VADIVELU
A66: 15001 | B66: VELLAIKKANNU VADIVELU | C66: UL | D66: 14-10-2025 | E66: 14-10-2025 | F66: 1 | G66: Family Season | H66: VELLAIKKANNU VADIVELU
A67: 15001 | B67: VELLAIKKANNU VADIVELU | C67: UL | D67: 15-10-2025 | E67: 15-10-2025 | F67: 1 | G67: Family Season | H67: VELLAIKKANNU VADIVELU
A68: 15001 | B68: VELLAIKKANNU VADIVELU | C68: UL | D68: 16-10-2025 | E68: 16-10-2025 | F68: 1 | G68: Family Season | H68: VELLAIKKANNU VADIVELU
A69: 15001 | B69: VELLAIKKANNU VADIVELU | C69: UL | D69: 17-10-2025 | E69: 17-10-2025 | F69: 1 | G69: Family Season | H69: VELLAIKKANNU VADIVELU
A70: 15001 | B70: VELLAIKKANNU VADIVELU | C70: UL | D70: 18-10-2025 | E70: 18-10-2025 | F70: 1 | G70: Family Season | H70: VELLAIKKANNU VADIVELU
A71: 15001 | B71: VELLAIKKANNU VADIVELU | C71: UL | D71: 21-10-2025 | E71: 21-10-2025 | F71: 1 | G71: Family Season | H71: VELLAIKKANNU VADIVELU
A72: 15001 | B72: VELLAIKKANNU VADIVELU | C72: UL | D72: 22-10-2025 | E72: 22-10-2025 | F72: 1 | G72: Family Season | H72: VELLAIKKANNU VADIVELU
A73: 15001 | B73: VELLAIKKANNU VADIVELU | C73: UL | D73: 23-10-2025 | E73: 23-10-2025 | F73: 1 | G73: Family Season | H73: VELLAIKKANNU VADIVELU
A74: 15001 | B74: VELLAIKKANNU VADIVELU | C74: UL | D74: 24-10-2025 | E74: 24-10-2025 | F74: 1 | G74: Family Season | H74: VELLAIKKANNU VADIVELU
A75: 15001 | B75: VELLAIKKANNU VADIVELU | C75: UL | D75: 25-10-2025 | E75: 25-10-2025 | F75: 1 | G75: Family Season | H75: VELLAIKKANNU VADIVELU
A76: 15001 | B76: VELLAIKKANNU VADIVELU | C76: UL | D76: 27-10-2025 | E76: 27-10-2025 | F76: 1 | G76: Family Season | H76: VELLAIKKANNU VADIVELU
... A80: 15001 | B80: VELLAIKKANNU VADIVELU | C80: UL | D80: 31-10-2025 | E80: 31-10-2025 | F80: 1 | G80: Family Season | H80: VELLAIKKANNU VADIVELU
A81: 16001 | B81: KALYANASUNDAR KALIAMOORTHY | C81: AL | D81: 17-04-2025 | E81: 17-04-2025 | F81: 1 | H81: PERUMAL GOVINDARASU
A82: 16002 | B82: PERUMAL GOVINDARASU | C82: ML | D82: 28-02-2025 | E82: 28-02-2025 | F82: 1 | H82: PERUMAL GOVINDARASU
A83: 16002 | B83: PERUMAL GOVINDARASU | C83: ML | D83: 45660 | E83: 45660 | F83: 1 | H83: PERUMAL GOVINDARASU
A84: 16002 | B84: PERUMAL GOVINDARASU | C84: ML | D84: 45695 | E84: 45695 | F84: 1 | H84: PERUMAL GOVINDARASU
A85: 16002 | B85: PERUMAL GOVINDARASU | C85: ML | D85: 45723 | E85: 45723 | F85: 1 | H85: PERUMAL GOVINDARASU
A86: 16002 | B86: PERUMAL GOVINDARASU | C86: ML | D86: 20-08-2025 | E86: 20-08-2025 | F86: 1 | H86: PERUMAL GOVINDARASU
A87: 16002 | B87: PERUMAL GOVINDARASU | C87: ML | D87: 45878 | E87: 45878 | F87: 1 | H87: PERUMAL GOVINDARASU
A88: 16002 | B88: PERUMAL GOVINDARASU | C88: ML | D88: 45909 | E88: 45909 | F88: 1 | H88: PERUMAL GOVINDARASU
A89: 16002 | B89: PERUMAL GOVINDARASU | C89: OIL | D89: 14-04-2025 | E89: 14-04-2025 | F89: 1 | H89: PERUMAL GOVINDARASU
A90: 16002 | B90: PERUMAL GOVINDARASU | C90: OIL | D90: 15-04-2025 | E90: 15-04-2025 | F90: 1 | H90: PERUMAL GOVINDARASU
A91: 16002 | B91: PERUMAL GOVINDARASU | C91: OIL | D91: 16-04-2025 | E91: 16-04-2025 | F91: 1 | H91: PERUMAL GOVINDARASU
A92: 16002 | B92: PERUMAL GOVINDARASU | C92: OIL | D92: 17-04-2025 | E92: 17-04-2025 | F92: 1 | H92: PERUMAL GOVINDARASU
A93: 16002 | B93: PERUMAL GOVINDARASU | C93: OIL | D93: 19-04-2025 | E93: 19-04-2025 | F93: 1 | H93: PERUMAL GOVINDARASU
A94: 16002 | B94: PERUMAL GOVINDARASU | C94: OIL | D94: 21-04-2025 | E94: 21-04-2025 | F94: 1 | H94: PERUMAL GOVINDARASU
A95: 16002 | B95: PERUMAL GOVINDARASU | C95: OIL | D95: 22-04-2025 | E95: 22-04-2025 | F95: 1 | H95: PERUMAL GOVINDARASU
A96: 16002 | B96: PERUMAL GOVINDARASU | C96: OIL | D96: 23-04-2025 | E96: 23-04-2025 | F96: 1 | H96: PERUMAL GOVINDARASU
A97: 16002 | B97: PERUMAL GOVINDARASU | C97: OIL | D97: 24-04-2025 | E97: 24-04-2025 | F97: 1 | H97: PERUMAL GOVINDARASU
A98: 16002 | B98: PERUMAL GOVINDARASU | C98: OIL | D98: 25-04-2025 | E98: 25-04-2025 | F98: 1 | H98: PERUMAL GOVINDARASU
A99: 16002 | B99: PERUMAL GOVINDARASU | C99: OIL | D99: 26-04-2025 | E99: 26-04-2025 | F99: 1 | H99: PERUMAL GOVINDARASU
A100: 16002 | B100: PERUMAL GOVINDARASU | C100: OIL | D100: 28-04-2025 | E100: 28-04-2025 | F100: 1 | H100: PERUMAL GOVINDARASU
... A102: 16002 | B102: PERUMAL GOVINDARASU | C102: OIL | D102: 30-04-2025 | E102: 30-04-2025 | F102: 1 | H102: PERUMAL GOVINDARASU
A103: 16002 | B103: PERUMAL GOVINDARASU | C103: OIL | D103: 45693 | E103: 45693 | F103: 1 | H103: PERUMAL GOVINDARASU
A104: 16002 | B104: PERUMAL GOVINDARASU | C104: OIL | D104: 45721 | E104: 45721 | F104: 1 | H104: PERUMAL GOVINDARASU
...

Sheet Copy of Employee
A1: Employee Code | B1: Employee Name | C1: Leave Type | D1: From Date | E1: To Date | F1: Days | G1: Remarks
A2: 7001 | B2: R G S MURUKAN | C2: UL | D2: 45783 | E2: 45783 | F2: 1 | G2: Unpaid Sabbatical leave
A3: 14001 | B3: MOSTAFIZUR RAHMAN | C3: AL | D3: 30-06-2025 | E3: 30-06-2025 | F3: 1 | G3: I will be departing from Singapore on 29 June 2025 and will commence work on 14 July 2025
A4: 14001 | B4: MOSTAFIZUR RAHMAN | C4: AL | D4: 45664 | E4: 45664 | F4: 1 | G4: I will be departing from Singapore on 29 June 2025 and will commence work on 14 July 2025
A5: 14001 | B5: MOSTAFIZUR RAHMAN | C5: AL | D5: 45695 | E5: 45695 | F5: 1 | G5: I will be departing from Singapore on 29 June 2025 and will commence work on 14 July 2025
A6: 14001 | B6: MOSTAFIZUR RAHMAN | C6: AL | D6: 45723 | E6: 45723 | F6: 1 | G6: I will be departing from Singapore on 29 June 2025 and will commence work on 14 July 2025
A7: 14001 | B7: MOSTAFIZUR RAHMAN | C7: AL | D7: 45754 | E7: 45754 | F7: 1 | G7: I will be departing from Singapore on 29 June 2025 and will commence work on 14 July 2025
A8: 14001 | B8: MOSTAFIZUR RAHMAN | C8: AL | D8: 45845 | E8: 45845 | F8: 1 | G8: I will be departing from Singapore on 29 June 2025 and will commence work on 14 July 2025
A9: 14001 | B9: MOSTAFIZUR RAHMAN | C9: AL | D9: 45876 | E9: 45876 | F9: 1 | G9: I will be departing from Singapore on 29 June 2025 and will commence work on 14 July 2025
A10: 14001 | B10: MOSTAFIZUR RAHMAN | C10: AL | D10: 45907 | E10: 45907 | F10: 1 | G10: I will be departing from Singapore on 29 June 2025 and will commence work on 14 July 2025
A11: 14001 | B11: MOSTAFIZUR RAHMAN | C11: AL | D11: 45937 | E11: 45937 | F11: 1 | G11: I will be departing from Singapore on 29 June 2025 and will commence work on 14 July 2025
A12: 14001 | B12: MOSTAFIZUR RAHMAN | C12: AL | D12: 45968 | E12: 45968 | F12: 1 | G12: I will be departing from Singapore on 29 June 2025 and will commence work on 14 July 2025
A13: 14001 | B13: MOSTAFIZUR RAHMAN | C13: ML | D13: 45870 | E13: 45870 | F13: 1
A14: 14001 | B14: MOSTAFIZUR RAHMAN | C14: ML | D14: 13-01-2025 | E14: 13-01-2025 | F14: 1
A15: 14001 | B15: MOSTAFIZUR RAHMAN | C15: OIL | D15: 45879 | E15: 45879 | F15: 1 | G15: Short trip with family (Malaysia) [ Cancelled / Rejected Leave Re Applied ]
A16: 14001 | B16: MOSTAFIZUR RAHMAN | C16: OIL | D16: 45910 | E16: 45910 | F16: 1 | G16: Short trip with family (Malaysia) [ Cancelled / Rejected Leave Re Applied ]
A17: 14001 | B17: MOSTAFIZUR RAHMAN | C17: OIL | D17: 45940 | E17: 45940 | F17: 1 | G17: Short trip with family (Malaysia) [ Cancelled / Rejected Leave Re Applied ]
A18: 15001 | B18: VELLAIKKANNU VADIVELU | C18: AL | D18: 28-02-2025 | E18: 28-02-2025 | F18: 1
A19: 15001 | B19: VELLAIKKANNU VADIVELU | C19: AL | D19: 45719 | E19: 45719 | F19: 1
A20: 15001 | B20: VELLAIKKANNU VADIVELU | C20: AL | D20: 45750 | E20: 45750 | F20: 1
A21: 15001 | B21: VELLAIKKANNU VADIVELU | C21: AL | D21: 45780 | E21: 45780 | F21: 1
A22: 15001 | B22: VELLAIKKANNU VADIVELU | C22: AL | D22: 45811 | E22: 45811 | F22: 1
A23: 15001 | B23: VELLAIKKANNU VADIVELU | C23: AL | D23: 45841 | E23: 45841 | F23: 1
A24: 15001 | B24: VELLAIKKANNU VADIVELU | C24: AL | D24: 45872 | E24: 45872 | F24: 1
A25: 15001 | B25: VELLAIKKANNU VADIVELU | C25: AL | D25: 45661 | E25: 45661 | F25: 1
A26: 15001 | B26: VELLAIKKANNU VADIVELU | C26: ALSH | D26: 45660 | E26: 45660 | F26: 0.5
A27: 15001 | B27: VELLAIKKANNU VADIVELU | C27: ML | D27: 23-07-2025 | E27: 23-07-2025 | F27: 1 | G27: fever
A28: 15001 | B28: VELLAIKKANNU VADIVELU | C28: ML | D28: 24-07-2025 | E28: 24-07-2025 | F28: 1 | G28: fever
A29: 15001 | B29: VELLAIKKANNU VADIVELU | C29: OIL | D29: 31-01-2025 | E29: 31-01-2025 | F29: 1
A30: 15001 | B30: VELLAIKKANNU VADIVELU | C30: OIL | D30: 45659 | E30: 45659 | F30: 1
A31: 15001 | B31: VELLAIKKANNU VADIVELU | C31: OIL | D31: 45718 | E31: 45718 | F31: 1
A32: 15001 | B32: VELLAIKKANNU VADIVELU | C32: OIL | D32: 45749 | E32: 45749 | F32: 1
A33: 15001 | B33: VELLAIKKANNU VADIVELU | C33: OIL | D33: 45779 | E33: 45779 | F33: 1
A34: 15001 | B34: VELLAIKKANNU VADIVELU | C34: OIL | D34: 45810 | E34: 45810 | F34: 1
A35: 15001 | B35: VELLAIKKANNU VADIVELU | C35: OIL | D35: 45840 | E35: 45840 | F35: 1
A36: 15001 | B36: VELLAIKKANNU VADIVELU | C36: OIL | D36: 45871 | E36: 45871 | F36: 1
A37: 15001 | B37: VELLAIKKANNU VADIVELU | C37: OIL | D37: 22-02-2025 | E37: 22-02-2025 | F37: 1
A38: 15001 | B38: VELLAIKKANNU VADIVELU | C38: OIL | D38: 24-02-2025 | E38: 24-02-2025 | F38: 1
A39: 15001 | B39: VELLAIKKANNU VADIVELU | C39: OIL | D39: 25-02-2025 | E39: 25-02-2025 | F39: 1
A40: 15001 | B40: VELLAIKKANNU VADIVELU | C40: OIL | D40: 26-02-2025 | E40: 26-02-2025 | F40: 1
A41: 15001 | B41: VELLAIKKANNU VADIVELU | C41: OIL | D41: 27-02-2025 | E41: 27-02-2025 | F41: 1
A42: 15001 | B42: VELLAIKKANNU VADIVELU | C42: OILFH | D42: 45660 | E42: 45660 | F42: 0.5
A43: 15001 | B43: VELLAIKKANNU VADIVELU | C43: UL | D43: 17-09-2025 | E43: 17-09-2025 | F43: 1
A44: 15001 | B44: VELLAIKKANNU VADIVELU | C44: UL | D44: 18-09-2025 | E44: 18-09-2025 | F44: 1
A45: 15001 | B45: VELLAIKKANNU VADIVELU | C45: UL | D45: 19-09-2025 | E45: 19-09-2025 | F45: 1
A46: 15001 | B46: VELLAIKKANNU VADIVELU | C46: UL | D46: 20-09-2025 | E46: 20-09-2025 | F46: 1
A47: 15001 | B47: VELLAIKKANNU VADIVELU | C47: UL | D47: 22-09-2025 | E47: 22-09-2025 | F47: 1
A48: 15001 | B48: VELLAIKKANNU VADIVELU | C48: UL | D48: 23-09-2025 | E48: 23-09-2025 | F48: 1
A49: 15001 | B49: VELLAIKKANNU VADIVELU | C49: UL | D49: 24-09-2025 | E49: 24-09-2025 | F49: 1
A50: 15001 | B50: VELLAIKKANNU VADIVELU | C50: UL | D50: 25-09-2025 | E50: 25-09-2025 | F50: 1
A51: 15001 | B51: VELLAIKKANNU VADIVELU | C51: UL | D51: 26-09-2025 | E51: 26-09-2025 | F51: 1
A52: 15001 | B52: VELLAIKKANNU VADIVELU | C52: UL | D52: 27-09-2025 | E52: 27-09-2025 | F52: 1
A53: 15001 | B53: VELLAIKKANNU VADIVELU | C53: UL | D53: 29-09-2025 | E53: 29-09-2025 | F53: 1
A54: 15001 | B54: VELLAIKKANNU VADIVELU | C54: UL | D54: 30-09-2025 | E54: 30-09-2025 | F54: 1
A55: 15001 | B55: VELLAIKKANNU VADIVELU | C55: UL | D55: 45667 | E55: 45667 | F55: 1
A56: 15001 | B56: VELLAIKKANNU VADIVELU | C56: UL | D56: 45698 | E56: 45698 | F56: 1
A57: 15001 | B57: VELLAIKKANNU VADIVELU | C57: UL | D57: 45726 | E57: 45726 | F57: 1
A58: 15001 | B58: VELLAIKKANNU VADIVELU | C58: UL | D58: 45757 | E58: 45757 | F58: 1
A59: 15001 | B59: VELLAIKKANNU VADIVELU | C59: UL | D59: 45818 | E59: 45818 | F59: 1
A60: 15001 | B60: VELLAIKKANNU VADIVELU | C60: UL | D60: 45848 | E60: 45848 | F60: 1
A61: 15001 | B61: VELLAIKKANNU VADIVELU | C61: UL | D61: 45879 | E61: 45879 | F61: 1
A62: 15001 | B62: VELLAIKKANNU VADIVELU | C62: UL | D62: 45910 | E62: 45910 | F62: 1
A63: 15001 | B63: VELLAIKKANNU VADIVELU | C63: UL | D63: 45940 | E63: 45940 | F63: 1
A64: 15001 | B64: VELLAIKKANNU VADIVELU | C64: UL | D64: 45971 | E64: 45971 | F64: 1
A65: 15001 | B65: VELLAIKKANNU VADIVELU | C65: UL | D65: 13-10-2025 | E65: 13-10-2025 | F65: 1 | G65: Family Season
A66: 15001 | B66: VELLAIKKANNU VADIVELU | C66: UL | D66: 14-10-2025 | E66: 14-10-2025 | F66: 1 | G66: Family Season
A67: 15001 | B67: VELLAIKKANNU VADIVELU | C67: UL | D67: 15-10-2025 | E67: 15-10-2025 | F67: 1 | G67: Family Season
A68: 15001 | B68: VELLAIKKANNU VADIVELU | C68: UL | D68: 16-10-2025 | E68: 16-10-2025 | F68: 1 | G68: Family Season
A69: 15001 | B69: VELLAIKKANNU VADIVELU | C69: UL | D69: 17-10-2025 | E69: 17-10-2025 | F69: 1 | G69: Family Season
A70: 15001 | B70: VELLAIKKANNU VADIVELU | C70: UL | D70: 18-10-2025 | E70: 18-10-2025 | F70: 1 | G70: Family Season
A71: 15001 | B71: VELLAIKKANNU VADIVELU | C71: UL | D71: 21-10-2025 | E71: 21-10-2025 | F71: 1 | G71: Family Season
A72: 15001 | B72: VELLAIKKANNU VADIVELU | C72: UL | D72: 22-10-2025 | E72: 22-10-2025 | F72: 1 | G72: Family Season
A73: 15001 | B73: VELLAIKKANNU VADIVELU | C73: UL | D73: 23-10-2025 | E73: 23-10-2025 | F73: 1 | G73: Family Season
A74: 15001 | B74: VELLAIKKANNU VADIVELU | C74: UL | D74: 24-10-2025 | E74: 24-10-2025 | F74: 1 | G74: Family Season
A75: 15001 | B75: VELLAIKKANNU VADIVELU | C75: UL | D75: 25-10-2025 | E75: 25-10-2025 | F75: 1 | G75: Family Season
A76: 15001 | B76: VELLAIKKANNU VADIVELU | C76: UL | D76: 27-10-2025 | E76: 27-10-2025 | F76: 1 | G76: Family Season
... A80: 15001 | B80: VELLAIKKANNU VADIVELU | C80: UL | D80: 31-10-2025 | E80: 31-10-2025 | F80: 1 | G80: Family Season
A81: 16001 | B81: KALYANASUNDAR KALIAMOORTHY | C81: AL | D81: 17-04-2025 | E81: 17-04-2025 | F81: 1
A82: 16002 | B82: PERUMAL GOVINDARASU | C82: ML | D82: 28-02-2025 | E82: 28-02-2025 | F82: 1
A83: 16002 | B83: PERUMAL GOVINDARASU | C83: ML | D83: 45660 | E83: 45660 | F83: 1
A84: 16002 | B84: PERUMAL GOVINDARASU | C84: ML | D84: 45695 | E84: 45695 | F84: 1
A85: 16002 | B85: PERUMAL GOVINDARASU | C85: ML | D85: 45723 | E85: 45723 | F85: 1
A86: 16002 | B86: PERUMAL GOVINDARASU | C86: ML | D86: 20-08-2025 | E86: 20-08-2025 | F86: 1
A87: 16002 | B87: PERUMAL GOVINDARASU | C87: ML | D87: 45878 | E87: 45878 | F87: 1
A88: 16002 | B88: PERUMAL GOVINDARASU | C88: ML | D88: 45909 | E88: 45909 | F88: 1
A89: 16002 | B89: PERUMAL GOVINDARASU | C89: OIL | D89: 14-04-2025 | E89: 14-04-2025 | F89: 1
A90: 16002 | B90: PERUMAL GOVINDARASU | C90: OIL | D90: 15-04-2025 | E90: 15-04-2025 | F90: 1
A91: 16002 | B91: PERUMAL GOVINDARASU | C91: OIL | D91: 16-04-2025 | E91: 16-04-2025 | F91: 1
A92: 16002 | B92: PERUMAL GOVINDARASU | C92: OIL | D92: 17-04-2025 | E92: 17-04-2025 | F92: 1
A93: 16002 | B93: PERUMAL GOVINDARASU | C93: OIL | D93: 19-04-2025 | E93: 19-04-2025 | F93: 1
A94: 16002 | B94: PERUMAL GOVINDARASU | C94: OIL | D94: 21-04-2025 | E94: 21-04-2025 | F94: 1
A95: 16002 | B95: PERUMAL GOVINDARASU | C95: OIL | D95: 22-04-2025 | E95: 22-04-2025 | F95: 1
A96: 16002 | B96: PERUMAL GOVINDARASU | C96: OIL | D96: 23-04-2025 | E96: 23-04-2025 | F96: 1
A97: 16002 | B97: PERUMAL GOVINDARASU | C97: OIL | D97: 24-04-2025 | E97: 24-04-2025 | F97: 1
A98: 16002 | B98: PERUMAL GOVINDARASU | C98: OIL | D98: 25-04-2025 | E98: 25-04-2025 | F98: 1
A99: 16002 | B99: PERUMAL GOVINDARASU | C99: OIL | D99: 26-04-2025 | E99: 26-04-2025 | F99: 1
A100: 16002 | B100: PERUMAL GOVINDARASU | C100: OIL | D100: 28-04-2025 | E100: 28-04-2025 | F100: 1
... A102: 16002 | B102: PERUMAL GOVINDARASU | C102: OIL | D102: 30-04-2025 | E102: 30-04-2025 | F102: 1
A103: 16002 | B103: PERUMAL GOVINDARASU | C103: OIL | D103: 45693 | E103: 45693 | F103: 1
A104: 16002 | B104: PERUMAL GOVINDARASU | C104: OIL | D104: 45721 | E104: 45721 | F104: 1
...

Sheet Copy of Data
A1: Employee Code | B1: Employee Name | C1: Leave Type | D1: From Date | E1: To Date | F1: Days | G1: Remarks | H1: Name?
A2: 7001 | B2: R G S MURUKAN | C2: AL | D2: 45689 | E2: 45689 | F2: 1 | H2: {=IFERROR( INDEX( Sheet1!$AM$5:$AM$62, MATCH( TRUE, ISNUMBER(SEARCH(LOWER(Sheet1!$AM$5:$AM$62), LOWER(B3))), 0 ) ), "NO MATCH" )} -> NO MATCH
A3: 7001 | B3: R G S MURUKAN | C3: AL | D3: 45717 | E3: 45717 | F3: 1 | H3: {=IFERROR( INDEX( Sheet1!$AM$5:$AM$62, MATCH( TRUE, ISNUMBER(SEARCH(LOWER(Sheet1!$AM$5:$AM$62), LOWER(B4))), 0 ) ), "NO MATCH" )} -> NO MATCH
A4: 7001 | B4: R G S MURUKAN | C4: AL | D4: 17-01-2025 | E4: 17-01-2025 | F4: 1 | H4: {=IFERROR( INDEX( Sheet1!$AM$5:$AM$62, MATCH( TRUE, ISNUMBER(SEARCH(LOWER(Sheet1!$AM$5:$AM$62), LOWER(B5))), 0 ) ), "NO MATCH" )} -> NO MATCH
A5: 7001 | B5: R G S MURUKAN | C5: AL | D5: 20-01-2025 | E5: 20-01-2025 | F5: 1 | H5: {=IFERROR( INDEX( Sheet1!$AM$5:$AM$62, MATCH( TRUE, ISNUMBER(SEARCH(LOWER(Sheet1!$AM$5:$AM$62), LOWER(B6))), 0 ) ), "NO MATCH" )} -> NO MATCH
A6: 7001 | B6: R G S MURUKAN | C6: AL | D6: 21-01-2025 | E6: 21-01-2025 | F6: 1 | H6: {=IFERROR( INDEX( Sheet1!$AM$5:$AM$62, MATCH( TRUE, ISNUMBER(SEARCH(LOWER(Sheet1!$AM$5:$AM$62), LOWER(B7))), 0 ) ), "NO MATCH" )} -> NO MATCH
A7: 7001 | B7: R G S MURUKAN | C7: AL | D7: 22-01-2025 | E7: 22-01-2025 | F7: 1 | H7: {=IFERROR( INDEX( Sheet1!$AM$5:$AM$62, MATCH( TRUE, ISNUMBER(SEARCH(LOWER(Sheet1!$AM$5:$AM$62), LOWER(B8))), 0 ) ), "NO MATCH" )} -> NO MATCH
A8: 7001 | B8: R G S MURUKAN | C8: AL | D8: 23-01-2025 | E8: 23-01-2025 | F8: 1 | H8: {=IFERROR( INDEX( Sheet1!$AM$5:$AM$62, MATCH( TRUE, ISNUMBER(SEARCH(LOWER(Sheet1!$AM$5:$AM$62), LOWER(B9))), 0 ) ), "NO MATCH" )} -> NO MATCH
A9: 7001 | B9: R G S MURUKAN | C9: AL | D9: 24-01-2025 | E9: 24-01-2025 | F9: 1 | H9: {=IFERROR( INDEX( Sheet1!$AM$5:$AM$62, MATCH( TRUE, ISNUMBER(SEARCH(LOWER(Sheet1!$AM$5:$AM$62), LOWER(B10))), 0 ) ), "NO MATCH" )} -> NO MATCH
A10: 7001 | B10: R G S MURUKAN | C10: AL | D10: 27-01-2025 | E10: 27-01-2025 | F10: 1 | H10: {=IFERROR( INDEX( Sheet1!$AM$5:$AM$62, MATCH( TRUE, ISNUMBER(SEARCH(LOWER(Sheet1!$AM$5:$AM$62), LOWER(B11))), 0 ) ), "NO MATCH" )} -> NO MATCH
A11: 7001 | B11: R G S MURUKAN | C11: AL | D11: 28-01-2025 | E11: 28-01-2025 | F11: 1 | H11: {=IFERROR( INDEX( Sheet1!$AM$5:$AM$62, MATCH( TRUE, ISNUMBER(SEARCH(LOWER(Sheet1!$AM$5:$AM$62), LOWER(B12))), 0 ) ), "NO MATCH" )} -> NO MATCH
A12: 7001 | B12: R G S MURUKAN | C12: AL | D12: 31-01-2025 | E12: 31-01-2025 | F12: 1 | H12: {=IFERROR( INDEX( Sheet1!$AM$5:$AM$62, MATCH( TRUE, ISNUMBER(SEARCH(LOWER(Sheet1!$AM$5:$AM$62), LOWER(B13))), 0 ) ), "NO MATCH" )} -> NO MATCH
A13: 7001 | B13: R G S MURUKAN | C13: AL | D13: 45963 | E13: 45963 | F13: 1 | H13: {=IFERROR( INDEX( Sheet1!$AM$5:$AM$62, MATCH( TRUE, ISNUMBER(SEARCH(LOWER(Sheet1!$AM$5:$AM$62), LOWER(B14))), 0 ) ), "NO MATCH" )} -> NO MATCH
A14: 7001 | B14: R G S MURUKAN | C14: AL | D14: 17-03-2025 | E14: 17-03-2025 | F14: 1 | H14: {=IFERROR( INDEX( Sheet1!$AM$5:$AM$62, MATCH( TRUE, ISNUMBER(SEARCH(LOWER(Sheet1!$AM$5:$AM$62), LOWER(B15))), 0 ) ), "NO MATCH" )} -> NO MATCH
A15: 7001 | B15: R G S MURUKAN | C15: AL | D15: 45965 | E15: 45965 | F15: 1 | H15: {=IFERROR( INDEX( Sheet1!$AM$5:$AM$62, MATCH( TRUE, ISNUMBER(SEARCH(LOWER(Sheet1!$AM$5:$AM$62), LOWER(B16))), 0 ) ), "NO MATCH" )} -> NO MATCH
A16: 7001 | B16: R G S MURUKAN | C16: AL | D16: 14-04-2025 | E16: 14-04-2025 | F16: 1 | H16: {=IFERROR( INDEX( Sheet1!$AM$5:$AM$62, MATCH( TRUE, ISNUMBER(SEARCH(LOWER(Sheet1!$AM$5:$AM$62), LOWER(B17))), 0 ) ), "NO MATCH" )} -> NO MATCH
A17: 7001 | B17: R G S MURUKAN | C17: ML | D17: 19-02-2025 | E17: 19-02-2025 | F17: 1 | H17: {=IFERROR( INDEX( Sheet1!$AM$5:$AM$62, MATCH( TRUE, ISNUMBER(SEARCH(LOWER(Sheet1!$AM$5:$AM$62), LOWER(B18))), 0 ) ), "NO MATCH" )} -> NO MATCH
A18: 7001 | B18: R G S MURUKAN | C18: ML | D18: 20-02-2025 | E18: 20-02-2025 | F18: 1 | H18: {=IFERROR( INDEX( Sheet1!$AM$5:$AM$62, MATCH( TRUE, ISNUMBER(SEARCH(LOWER(Sheet1!$AM$5:$AM$62), LOWER(B19))), 0 ) ), "NO MATCH" )} -> NO MATCH
A19: 7001 | B19: R G S MURUKAN | C19: ML | D19: 21-02-2025 | E19: 21-02-2025 | F19: 1 | H19: {=IFERROR( INDEX( Sheet1!$AM$5:$AM$62, MATCH( TRUE, ISNUMBER(SEARCH(LOWER(Sheet1!$AM$5:$AM$62), LOWER(B20))), 0 ) ), "NO MATCH" )} -> NO MATCH
A20: 7001 | B20: R G S MURUKAN | C20: ML | D20: 45661 | E20: 45661 | F20: 1 | H20: {=IFERROR( INDEX( Sheet1!$AM$5:$AM$62, MATCH( TRUE, ISNUMBER(SEARCH(LOWER(Sheet1!$AM$5:$AM$62), LOWER(B21))), 0 ) ), "NO MATCH" )} -> NO MATCH
A21: 7001 | B21: R G S MURUKAN | C21: ML | D21: 45692 | E21: 45692 | F21: 1 | H21: {=IFERROR( INDEX( Sheet1!$AM$5:$AM$62, MATCH( TRUE, ISNUMBER(SEARCH(LOWER(Sheet1!$AM$5:$AM$62), LOWER(B22))), 0 ) ), "NO MATCH" )} -> NO MATCH
A22: 7001 | B22: R G S MURUKAN | C22: OIL | D22: 45814 | E22: 45814 | F22: 1 | G22: Election day leave | H22: {=IFERROR( INDEX( Sheet1!$AM$5:$AM$62, MATCH( TRUE, ISNUMBER(SEARCH(LOWER(Sheet1!$AM$5:$AM$62), LOWER(B23))), 0 ) ), "NO MATCH" )} -> NO MATCH
A23: 7001 | B23: R G S MURUKAN | C23: UL | D23: 45813 | E23: 45813 | F23: 1 | G23: Unpaid Sabbatical leave | H23: {=IFERROR( INDEX( Sheet1!$AM$5:$AM$62, MATCH( TRUE, ISNUMBER(SEARCH(LOWER(Sheet1!$AM$5:$AM$62), LOWER(B24))), 0 ) ), "NO MATCH" )} -> NO MATCH
A24: 7001 | B24: R G S MURUKAN | C24: UL | D24: 45843 | E24: 45843 | F24: 1 | G24: Unpaid Sabbatical leave | H24: {=IFERROR( INDEX( Sheet1!$AM$5:$AM$62, MATCH( TRUE, ISNUMBER(SEARCH(LOWER(Sheet1!$AM$5:$AM$62), LOWER(B25))), 0 ) ), "NO MATCH" )} -> NO MATCH
A25: 7001 | B25: R G S MURUKAN | C25: UL | D25: 45874 | E25: 45874 | F25: 1 | G25: Unpaid Sabbatical leave | H25: {=IFERROR( INDEX( Sheet1!$AM$5:$AM$62, MATCH( TRUE, ISNUMBER(SEARCH(LOWER(Sheet1!$AM$5:$AM$62), LOWER(B26))), 0 ) ), "NO MATCH" )} -> NO MATCH
A26: 7001 | B26: R G S MURUKAN | C26: UL | D26: 45905 | E26: 45905 | F26: 1 | G26: Unpaid Sabbatical leave | H26: {=IFERROR( INDEX( Sheet1!$AM$5:$AM$62, MATCH( TRUE, ISNUMBER(SEARCH(LOWER(Sheet1!$AM$5:$AM$62), LOWER(B27))), 0 ) ), "NO MATCH" )} -> NO MATCH
A27: 7001 | B27: R G S MURUKAN | C27: UL | D27: 13-05-2025 | E27: 13-05-2025 | F27: 1 | G27: Unpaid Sabbatical leave | H27: {=IFERROR( INDEX( Sheet1!$AM$5:$AM$62, MATCH( TRUE, ISNUMBER(SEARCH(LOWER(Sheet1!$AM$5:$AM$62), LOWER(B28))), 0 ) ), "NO MATCH" )} -> NO MATCH
A28: 7001 | B28: R G S MURUKAN | C28: UL | D28: 14-05-2025 | E28: 14-05-2025 | F28: 1 | G28: Unpaid Sabbatical leave | H28: {=IFERROR( INDEX( Sheet1!$AM$5:$AM$62, MATCH( TRUE, ISNUMBER(SEARCH(LOWER(Sheet1!$AM$5:$AM$62), LOWER(B29))), 0 ) ), "NO MATCH" )} -> NO MATCH
A29: 7001 | B29: R G S MURUKAN | C29: UL | D29: 15-05-2025 | E29: 15-05-2025 | F29: 1 | G29: Unpaid Sabbatical leave | H29: {=IFERROR( INDEX( Sheet1!$AM$5:$AM$62, MATCH( TRUE, ISNUMBER(SEARCH(LOWER(Sheet1!$AM$5:$AM$62), LOWER(B30))), 0 ) ), "NO MATCH" )} -> NO MATCH
A30: 7001 | B30: R G S MURUKAN | C30: UL | D30: 16-05-2025 | E30: 16-05-2025 | F30: 1 | G30: Unpaid Sabbatical leave | H30: {=IFERROR( INDEX( Sheet1!$AM$5:$AM$62, MATCH( TRUE, ISNUMBER(SEARCH(LOWER(Sheet1!$AM$5:$AM$62), LOWER(B31))), 0 ) ), "NO MATCH" )} -> NO MATCH
A31: 7001 | B31: R G S MURUKAN | C31: UL | D31: 19-05-2025 | E31: 19-05-2025 | F31: 1 | G31: Unpaid Sabbatical leave | H31: {=IFERROR( INDEX( Sheet1!$AM$5:$AM$62, MATCH( TRUE, ISNUMBER(SEARCH(LOWER(Sheet1!$AM$5:$AM$62), LOWER(B32))), 0 ) ), "NO MATCH" )} -> NO MATCH
A32: 7001 | B32: R G S MURUKAN | C32: UL | D32: 20-05-2025 | E32: 20-05-2025 | F32: 1 | G32: Unpaid Sabbatical leave | H32: {=IFERROR( INDEX( Sheet1!$AM$5:$AM$62, MATCH( TRUE, ISNUMBER(SEARCH(LOWER(Sheet1!$AM$5:$AM$62), LOWER(B33))), 0 ) ), "NO MATCH" )} -> NO MATCH
A33: 7001 | B33: R G S MURUKAN | C33: UL | D33: 21-05-2025 | E33: 21-05-2025 | F33: 1 | G33: Unpaid Sabbatical leave | H33: {=IFERROR( INDEX( Sheet1!$AM$5:$AM$62, MATCH( TRUE, ISNUMBER(SEARCH(LOWER(Sheet1!$AM$5:$AM$62), LOWER(B34))), 0 ) ), "NO MATCH" )} -> NO MATCH
A34: 7001 | B34: R G S MURUKAN | C34: UL | D34: 22-05-2025 | E34: 22-05-2025 | F34: 1 | G34: Unpaid Sabbatical leave | H34: {=IFERROR( INDEX( Sheet1!$AM$5:$AM$62, MATCH( TRUE, ISNUMBER(SEARCH(LOWER(Sheet1!$AM$5:$AM$62), LOWER(B35))), 0 ) ), "NO MATCH" )} -> NO MATCH
A35: 7001 | B35: R G S MURUKAN | C35: UL | D35: 23-05-2025 | E35: 23-05-2025 | F35: 1 | G35: Unpaid Sabbatical leave | H35: {=IFERROR( INDEX( Sheet1!$AM$5:$AM$62, MATCH( TRUE, ISNUMBER(SEARCH(LOWER(Sheet1!$AM$5:$AM$62), LOWER(B36))), 0 ) ), "NO MATCH" )} -> NO MATCH
A36: 7001 | B36: R G S MURUKAN | C36: UL | D36: 26-05-2025 | E36: 26-05-2025 | F36: 1 | G36: Unpaid Sabbatical leave | H36: {=IFERROR( INDEX( Sheet1!$AM$5:$AM$62, MATCH( TRUE, ISNUMBER(SEARCH(LOWER(Sheet1!$AM$5:$AM$62), LOWER(B37))), 0 ) ), "NO MATCH" )} -> NO MATCH
A37: 7001 | B37: R G S MURUKAN | C37: UL | D37: 27-05-2025 | E37: 27-05-2025 | F37: 1 | G37: Unpaid Sabbatical leave | H37: {=IFERROR( INDEX( Sheet1!$AM$5:$AM$62, MATCH( TRUE, ISNUMBER(SEARCH(LOWER(Sheet1!$AM$5:$AM$62), LOWER(B38))), 0 ) ), "NO MATCH" )} -> NO MATCH
A38: 7001 | B38: R G S MURUKAN | C38: UL | D38: 28-05-2025 | E38: 28-05-2025 | F38: 1 | G38: Unpaid Sabbatical leave | H38: {=IFERROR( INDEX( Sheet1!$AM$5:$AM$62, MATCH( TRUE, ISNUMBER(SEARCH(LOWER(Sheet1!$AM$5:$AM$62), LOWER(B39))), 0 ) ), "NO MATCH" )} -> NO MATCH
... A40: 7001 | B40: R G S MURUKAN | C40: UL | D40: 30-05-2025 | E40: 30-05-2025 | F40: 1 | G40: Unpaid Sabbatical leave | H40: {=IFERROR( INDEX( Sheet1!$AM$5:$AM$62, MATCH( TRUE, ISNUMBER(SEARCH(LOWER(Sheet1!$AM$5:$AM$62), LOWER(B41))), 0 ) ), "NO MATCH" )} -> NO MATCH
A41: 7001 | B41: R G S MURUKAN | C41: UL | D41: 45694 | E41: 45694 | F41: 1 | G41: Unpaid Sabbatical leave | H41: {=IFERROR( INDEX( Sheet1!$AM$5:$AM$62, MATCH( TRUE, ISNUMBER(SEARCH(LOWER(Sheet1!$AM$5:$AM$62), LOWER(B42))), 0 ) ), "NO MATCH" )} -> NO MATCH
A42: 7001 | B42: R G S MURUKAN | C42: UL | D42: 45722 | E42: 45722 | F42: 1 | G42: Unpaid Sabbatical leave | H42: {=IFERROR( INDEX( Sheet1!$AM$5:$AM$62, MATCH( TRUE, ISNUMBER(SEARCH(LOWER(Sheet1!$AM$5:$AM$62), LOWER(B43))), 0 ) ), "NO MATCH" )} -> NO MATCH
A43: 7001 | B43: R G S MURUKAN | C43: UL | D43: 45753 | E43: 45753 | F43: 1 | G43: Unpaid Sabbatical leave | H43: {=IFERROR( INDEX( Sheet1!$AM$5:$AM$62, MATCH( TRUE, ISNUMBER(SEARCH(LOWER(Sheet1!$AM$5:$AM$62), LOWER(B44))), 0 ) ), "NO MATCH" )} -> NO MATCH
A44: 7001 | B44: R G S MURUKAN | C44: UL | D44: 45783 | E44: 45783 | F44: 1 | G44: Unpaid Sabbatical leave | H44: {=IFERROR( INDEX( Sheet1!$AM$5:$AM$62, MATCH( TRUE, ISNUMBER(SEARCH(LOWER(Sheet1!$AM$5:$AM$62), LOWER(B45))), 0 ) ), "NO MATCH" )} -> MOSTAFIZUR RAHMAN
A45: 14001 | B45: MOSTAFIZUR RAHMAN | C45: AL | D45: 30-06-2025 | E45: 30-06-2025 | F45: 1 | G45: I will be departing from Singapore on 29 June 2025 and will commence work on 14 July 2025 | H45: {=IFERROR( INDEX( Sheet1!$AM$5:$AM$62, MATCH( TRUE, ISNUMBER(SEARCH(LOWER(Sheet1!$AM$5:$AM$62), LOWER(B46))), 0 ) ), "NO MATCH" )} -> MOSTAFIZUR RAHMAN
A46: 14001 | B46: MOSTAFIZUR RAHMAN | C46: AL | D46: 45664 | E46: 45664 | F46: 1 | G46: I will be departing from Singapore on 29 June 2025 and will commence work on 14 July 2025 | H46: {=IFERROR( INDEX( Sheet1!$AM$5:$AM$62, MATCH( TRUE, ISNUMBER(SEARCH(LOWER(Sheet1!$AM$5:$AM$62), LOWER(B47))), 0 ) ), "NO MATCH" )} -> MOSTAFIZUR RAHMAN
A47: 14001 | B47: MOSTAFIZUR RAHMAN | C47: AL | D47: 45695 | E47: 45695 | F47: 1 | G47: I will be departing from Singapore on 29 June 2025 and will commence work on 14 July 2025 | H47: {=IFERROR( INDEX( Sheet1!$AM$5:$AM$62, MATCH( TRUE, ISNUMBER(SEARCH(LOWER(Sheet1!$AM$5:$AM$62), LOWER(B48))), 0 ) ), "NO MATCH" )} -> MOSTAFIZUR RAHMAN
A48: 14001 | B48: MOSTAFIZUR RAHMAN | C48: AL | D48: 45723 | E48: 45723 | F48: 1 | G48: I will be departing from Singapore on 29 June 2025 and will commence work on 14 July 2025 | H48: {=IFERROR( INDEX( Sheet1!$AM$5:$AM$62, MATCH( TRUE, ISNUMBER(SEARCH(LOWER(Sheet1!$AM$5:$AM$62), LOWER(B49))), 0 ) ), "NO MATCH" )} -> MOSTAFIZUR RAHMAN
A49: 14001 | B49: MOSTAFIZUR RAHMAN | C49: AL | D49: 45754 | E49: 45754 | F49: 1 | G49: I will be departing from Singapore on 29 June 2025 and will commence work on 14 July 2025 | H49: {=IFERROR( INDEX( Sheet1!$AM$5:$AM$62, MATCH( TRUE, ISNUMBER(SEARCH(LOWER(Sheet1!$AM$5:$AM$62), LOWER(B50))), 0 ) ), "NO MATCH" )} -> MOSTAFIZUR RAHMAN
A50: 14001 | B50: MOSTAFIZUR RAHMAN | C50: AL | D50: 45845 | E50: 45845 | F50: 1 | G50: I will be departing from Singapore on 29 June 2025 and will commence work on 14 July 2025 | H50: {=IFERROR( INDEX( Sheet1!$AM$5:$AM$62, MATCH( TRUE, ISNUMBER(SEARCH(LOWER(Sheet1!$AM$5:$AM$62), LOWER(B51))), 0 ) ), "NO MATCH" )} -> MOSTAFIZUR RAHMAN
A51: 14001 | B51: MOSTAFIZUR RAHMAN | C51: AL | D51: 45876 | E51: 45876 | F51: 1 | G51: I will be departing from Singapore on 29 June 2025 and will commence work on 14 July 2025 | H51: {=IFERROR( INDEX( Sheet1!$AM$5:$AM$62, MATCH( TRUE, ISNUMBER(SEARCH(LOWER(Sheet1!$AM$5:$AM$62), LOWER(B52))), 0 ) ), "NO MATCH" )} -> MOSTAFIZUR RAHMAN
A52: 14001 | B52: MOSTAFIZUR RAHMAN | C52: AL | D52: 45907 | E52: 45907 | F52: 1 | G52: I will be departing from Singapore on 29 June 2025 and will commence work on 14 July 2025 | H52: {=IFERROR( INDEX( Sheet1!$AM$5:$AM$62, MATCH( TRUE, ISNUMBER(SEARCH(LOWER(Sheet1!$AM$5:$AM$62), LOWER(B53))), 0 ) ), "NO MATCH" )} -> MOSTAFIZUR RAHMAN
A53: 14001 | B53: MOSTAFIZUR RAHMAN | C53: AL | D53: 45937 | E53: 45937 | F53: 1 | G53: I will be departing from Singapore on 29 June 2025 and will commence work on 14 July 2025 | H53: {=IFERROR( INDEX( Sheet1!$AM$5:$AM$62, MATCH( TRUE, ISNUMBER(SEARCH(LOWER(Sheet1!$AM$5:$AM$62), LOWER(B54))), 0 ) ), "NO MATCH" )} -> MOSTAFIZUR RAHMAN
A54: 14001 | B54: MOSTAFIZUR RAHMAN | C54: AL | D54: 45968 | E54: 45968 | F54: 1 | G54: I will be departing from Singapore on 29 June 2025 and will commence work on 14 July 2025 | H54: {=IFERROR( INDEX( Sheet1!$AM$5:$AM$62, MATCH( TRUE, ISNUMBER(SEARCH(LOWER(Sheet1!$AM$5:$AM$62), LOWER(B55))), 0 ) ), "NO MATCH" )} -> MOSTAFIZUR RAHMAN
A55: 14001 | B55: MOSTAFIZUR RAHMAN | C55: ML | D55: 45870 | E55: 45870 | F55: 1 | H55: {=IFERROR( INDEX( Sheet1!$AM$5:$AM$62, MATCH( TRUE, ISNUMBER(SEARCH(LOWER(Sheet1!$AM$5:$AM$62), LOWER(B56))), 0 ) ), "NO MATCH" )} -> MOSTAFIZUR RAHMAN
A56: 14001 | B56: MOSTAFIZUR RAHMAN | C56: ML | D56: 13-01-2025 | E56: 13-01-2025 | F56: 1 | H56: {=IFERROR( INDEX( Sheet1!$AM$5:$AM$62, MATCH( TRUE, ISNUMBER(SEARCH(LOWER(Sheet1!$AM$5:$AM$62), LOWER(B57))), 0 ) ), "NO MATCH" )} -> MOSTAFIZUR RAHMAN
A57: 14001 | B57: MOSTAFIZUR RAHMAN | C57: OIL | D57: 45879 | E57: 45879 | F57: 1 | G57: Short trip with family (Malaysia) [ Cancelled / Rejected Leave Re Applied ] | H57: {=IFERROR( INDEX( Sheet1!$AM$5:$AM$62, MATCH( TRUE, ISNUMBER(SEARCH(LOWER(Sheet1!$AM$5:$AM$62), LOWER(B58))), 0 ) ), "NO MATCH" )} -> MOSTAFIZUR RAHMAN
A58: 14001 | B58: MOSTAFIZUR RAHMAN | C58: OIL | D58: 45910 | E58: 45910 | F58: 1 | G58: Short trip with family (Malaysia) [ Cancelled / Rejected Leave Re Applied ] | H58: {=IFERROR( INDEX( Sheet1!$AM$5:$AM$62, MATCH( TRUE, ISNUMBER(SEARCH(LOWER(Sheet1!$AM$5:$AM$62), LOWER(B59))), 0 ) ), "NO MATCH" )} -> MOSTAFIZUR RAHMAN
A59: 14001 | B59: MOSTAFIZUR RAHMAN | C59: OIL | D59: 45940 | E59: 45940 | F59: 1 | G59: Short trip with family (Malaysia) [ Cancelled / Rejected Leave Re Applied ] | H59: {=IFERROR( INDEX( Sheet1!$AM$5:$AM$62, MATCH( TRUE, ISNUMBER(SEARCH(LOWER(Sheet1!$AM$5:$AM$62), LOWER(B60))), 0 ) ), "NO MATCH" )} -> VELLAIKKANNU VADIVELU
A60: 15001 | B60: VELLAIKKANNU VADIVELU | C60: AL | D60: 28-02-2025 | E60: 28-02-2025 | F60: 1 | H60: {=IFERROR( INDEX( Sheet1!$AM$5:$AM$62, MATCH( TRUE, ISNUMBER(SEARCH(LOWER(Sheet1!$AM$5:$AM$62), LOWER(B61))), 0 ) ), "NO MATCH" )} -> VELLAIKKANNU VADIVELU
A61: 15001 | B61: VELLAIKKANNU VADIVELU | C61: AL | D61: 45719 | E61: 45719 | F61: 1 | H61: {=IFERROR( INDEX( Sheet1!$AM$5:$AM$62, MATCH( TRUE, ISNUMBER(SEARCH(LOWER(Sheet1!$AM$5:$AM$62), LOWER(B62))), 0 ) ), "NO MATCH" )} -> VELLAIKKANNU VADIVELU
A62: 15001 | B62: VELLAIKKANNU VADIVELU | C62: AL | D62: 45750 | E62: 45750 | F62: 1 | H62: {=IFERROR( INDEX( Sheet1!$AM$5:$AM$62, MATCH( TRUE, ISNUMBER(SEARCH(LOWER(Sheet1!$AM$5:$AM$62), LOWER(B63))), 0 ) ), "NO MATCH" )} -> VELLAIKKANNU VADIVELU
A63: 15001 | B63: VELLAIKKANNU VADIVELU | C63: AL | D63: 45780 | E63: 45780 | F63: 1 | H63: {=IFERROR( INDEX( Sheet1!$AM$5:$AM$62, MATCH( TRUE, ISNUMBER(SEARCH(LOWER(Sheet1!$AM$5:$AM$62), LOWER(B64))), 0 ) ), "NO MATCH" )} -> VELLAIKKANNU VADIVELU
A64: 15001 | B64: VELLAIKKANNU VADIVELU | C64: AL | D64: 45811 | E64: 45811 | F64: 1 | H64: {=IFERROR( INDEX( Sheet1!$AM$5:$AM$62, MATCH( TRUE, ISNUMBER(SEARCH(LOWER(Sheet1!$AM$5:$AM$62), LOWER(B65))), 0 ) ), "NO MATCH" )} -> VELLAIKKANNU VADIVELU
A65: 15001 | B65: VELLAIKKANNU VADIVELU | C65: AL | D65: 45841 | E65: 45841 | F65: 1 | H65: {=IFERROR( INDEX( Sheet1!$AM$5:$AM$62, MATCH( TRUE, ISNUMBER(SEARCH(LOWER(Sheet1!$AM$5:$AM$62), LOWER(B66))), 0 ) ), "NO MATCH" )} -> VELLAIKKANNU VADIVELU
A66: 15001 | B66: VELLAIKKANNU VADIVELU | C66: AL | D66: 45872 | E66: 45872 | F66: 1 | H66: {=IFERROR( INDEX( Sheet1!$AM$5:$AM$62, MATCH( TRUE, ISNUMBER(SEARCH(LOWER(Sheet1!$AM$5:$AM$62), LOWER(B67))), 0 ) ), "NO MATCH" )} -> VELLAIKKANNU VADIVELU
A67: 15001 | B67: VELLAIKKANNU VADIVELU | C67: AL | D67: 45661 | E67: 45661 | F67: 1 | H67: {=IFERROR( INDEX( Sheet1!$AM$5:$AM$62, MATCH( TRUE, ISNUMBER(SEARCH(LOWER(Sheet1!$AM$5:$AM$62), LOWER(B68))), 0 ) ), "NO MATCH" )} -> VELLAIKKANNU VADIVELU
A68: 15001 | B68: VELLAIKKANNU VADIVELU | C68: ALSH | D68: 45660 | E68: 45660 | F68: 0.5 | H68: {=IFERROR( INDEX( Sheet1!$AM$5:$AM$62, MATCH( TRUE, ISNUMBER(SEARCH(LOWER(Sheet1!$AM$5:$AM$62), LOWER(B69))), 0 ) ), "NO MATCH" )} -> VELLAIKKANNU VADIVELU
A69: 15001 | B69: VELLAIKKANNU VADIVELU | C69: ML | D69: 23-07-2025 | E69: 23-07-2025 | F69: 1 | G69: fever | H69: {=IFERROR( INDEX( Sheet1!$AM$5:$AM$62, MATCH( TRUE, ISNUMBER(SEARCH(LOWER(Sheet1!$AM$5:$AM$62), LOWER(B70))), 0 ) ), "NO MATCH" )} -> VELLAIKKANNU VADIVELU
A70: 15001 | B70: VELLAIKKANNU VADIVELU | C70: ML | D70: 24-07-2025 | E70: 24-07-2025 | F70: 1 | G70: fever | H70: {=IFERROR( INDEX( Sheet1!$AM$5:$AM$62, MATCH( TRUE, ISNUMBER(SEARCH(LOWER(Sheet1!$AM$5:$AM$62), LOWER(B71))), 0 ) ), "NO MATCH" )} -> VELLAIKKANNU VADIVELU
A71: 15001 | B71: VELLAIKKANNU VADIVELU | C71: OIL | D71: 31-01-2025 | E71: 31-01-2025 | F71: 1 | H71: {=IFERROR( INDEX( Sheet1!$AM$5:$AM$62, MATCH( TRUE, ISNUMBER(SEARCH(LOWER(Sheet1!$AM$5:$AM$62), LOWER(B72))), 0 ) ), "NO MATCH" )} -> VELLAIKKANNU VADIVELU
A72: 15001 | B72: VELLAIKKANNU VADIVELU | C72: OIL | D72: 45659 | E72: 45659 | F72: 1 | H72: {=IFERROR( INDEX( Sheet1!$AM$5:$AM$62, MATCH( TRUE, ISNUMBER(SEARCH(LOWER(Sheet1!$AM$5:$AM$62), LOWER(B73))), 0 ) ), "NO MATCH" )} -> VELLAIKKANNU VADIVELU
A73: 15001 | B73: VELLAIKKANNU VADIVELU | C73: OIL | D73: 45718 | E73: 45718 | F73: 1 | H73: {=IFERROR( INDEX( Sheet1!$AM$5:$AM$62, MATCH( TRUE, ISNUMBER(SEARCH(LOWER(Sheet1!$AM$5:$AM$62), LOWER(B74))), 0 ) ), "NO MATCH" )} -> VELLAIKKANNU VADIVELU
A74: 15001 | B74: VELLAIKKANNU VADIVELU | C74: OIL | D74: 45749 | E74: 45749 | F74: 1 | H74: {=IFERROR( INDEX( Sheet1!$AM$5:$AM$62, MATCH( TRUE, ISNUMBER(SEARCH(LOWER(Sheet1!$AM$5:$AM$62), LOWER(B75))), 0 ) ), "NO MATCH" )} -> VELLAIKKANNU VADIVELU
A75: 15001 | B75: VELLAIKKANNU VADIVELU | C75: OIL | D75: 45779 | E75: 45779 | F75: 1 | H75: {=IFERROR( INDEX( Sheet1!$AM$5:$AM$62, MATCH( TRUE, ISNUMBER(SEARCH(LOWER(Sheet1!$AM$5:$AM$62), LOWER(B76))), 0 ) ), "NO MATCH" )} -> VELLAIKKANNU VADIVELU
A76: 15001 | B76: VELLAIKKANNU VADIVELU | C76: OIL | D76: 45810 | E76: 45810 | F76: 1 | H76: {=IFERROR( INDEX( Sheet1!$AM$5:$AM$62, MATCH( TRUE, ISNUMBER(SEARCH(LOWER(Sheet1!$AM$5:$AM$62), LOWER(B77))), 0 ) ), "NO MATCH" )} -> VELLAIKKANNU VADIVELU
A77: 15001 | B77: VELLAIKKANNU VADIVELU | C77: OIL | D77: 45840 | E77: 45840 | F77: 1 | H77: {=IFERROR( INDEX( Sheet1!$AM$5:$AM$62, MATCH( TRUE, ISNUMBER(SEARCH(LOWER(Sheet1!$AM$5:$AM$62), LOWER(B78))), 0 ) ), "NO MATCH" )} -> VELLAIKKANNU VADIVELU
A78: 15001 | B78: VELLAIKKANNU VADIVELU | C78: OIL | D78: 45871 | E78: 45871 | F78: 1 | H78: {=IFERROR( INDEX( Sheet1!$AM$5:$AM$62, MATCH( TRUE, ISNUMBER(SEARCH(LOWER(Sheet1!$AM$5:$AM$62), LOWER(B79))), 0 ) ), "NO MATCH" )} -> VELLAIKKANNU VADIVELU
A79: 15001 | B79: VELLAIKKANNU VADIVELU | C79: OIL | D79: 22-02-2025 | E79: 22-02-2025 | F79: 1 | H79: {=IFERROR( INDEX( Sheet1!$AM$5:$AM$62, MATCH( TRUE, ISNUMBER(SEARCH(LOWER(Sheet1!$AM$5:$AM$62), LOWER(B80))), 0 ) ), "NO MATCH" )} -> VELLAIKKANNU VADIVELU
A80: 15001 | B80: VELLAIKKANNU VADIVELU | C80: OIL | D80: 24-02-2025 | E80: 24-02-2025 | F80: 1 | H80: {=IFERROR( INDEX( Sheet1!$AM$5:$AM$62, MATCH( TRUE, ISNUMBER(SEARCH(LOWER(Sheet1!$AM$5:$AM$62), LOWER(B81))), 0 ) ), "NO MATCH" )} -> VELLAIKKANNU VADIVELU
A81: 15001 | B81: VELLAIKKANNU VADIVELU | C81: OIL | D81: 25-02-2025 | E81: 25-02-2025 | F81: 1 | H81: {=IFERROR( INDEX( Sheet1!$AM$5:$AM$62, MATCH( TRUE, ISNUMBER(SEARCH(LOWER(Sheet1!$AM$5:$AM$62), LOWER(B82))), 0 ) ), "NO MATCH" )} -> VELLAIKKANNU VADIVELU
A82: 15001 | B82: VELLAIKKANNU VADIVELU | C82: OIL | D82: 26-02-2025 | E82: 26-02-2025 | F82: 1 | H82: {=IFERROR( INDEX( Sheet1!$AM$5:$AM$62, MATCH( TRUE, ISNUMBER(SEARCH(LOWER(Sheet1!$AM$5:$AM$62), LOWER(B83))), 0 ) ), "NO MATCH" )} -> VELLAIKKANNU VADIVELU
A83: 15001 | B83: VELLAIKKANNU VADIVELU | C83: OIL | D83: 27-02-2025 | E83: 27-02-2025 | F83: 1 | H83: {=IFERROR( INDEX( Sheet1!$AM$5:$AM$62, MATCH( TRUE, ISNUMBER(SEARCH(LOWER(Sheet1!$AM$5:$AM$62), LOWER(B84))), 0 ) ), "NO MATCH" )} -> VELLAIKKANNU VADIVELU
A84: 15001 | B84: VELLAIKKANNU VADIVELU | C84: OILFH | D84: 45660 | E84: 45660 | F84: 0.5 | H84: {=IFERROR( INDEX( Sheet1!$AM$5:$AM$62, MATCH( TRUE, ISNUMBER(SEARCH(LOWER(Sheet1!$AM$5:$AM$62), LOWER(B85))), 0 ) ), "NO MATCH" )} -> VELLAIKKANNU VADIVELU
A85: 15001 | B85: VELLAIKKANNU VADIVELU | C85: UL | D85: 17-09-2025 | E85: 17-09-2025 | F85: 1 | H85: {=IFERROR( INDEX( Sheet1!$AM$5:$AM$62, MATCH( TRUE, ISNUMBER(SEARCH(LOWER(Sheet1!$AM$5:$AM$62), LOWER(B86))), 0 ) ), "NO MATCH" )} -> VELLAIKKANNU VADIVELU
A86: 15001 | B86: VELLAIKKANNU VADIVELU | C86: UL | D86: 18-09-2025 | E86: 18-09-2025 | F86: 1 | H86: {=IFERROR( INDEX( Sheet1!$AM$5:$AM$62, MATCH( TRUE, ISNUMBER(SEARCH(LOWER(Sheet1!$AM$5:$AM$62), LOWER(B87))), 0 ) ), "NO MATCH" )} -> VELLAIKKANNU VADIVELU
A87: 15001 | B87: VELLAIKKANNU VADIVELU | C87: UL | D87: 19-09-2025 | E87: 19-09-2025 | F87: 1 | H87: {=IFERROR( INDEX( Sheet1!$AM$5:$AM$62, MATCH( TRUE, ISNUMBER(SEARCH(LOWER(Sheet1!$AM$5:$AM$62), LOWER(B88))), 0 ) ), "NO MATCH" )} -> VELLAIKKANNU VADIVELU
A88: 15001 | B88: VELLAIKKANNU VADIVELU | C88: UL | D88: 20-09-2025 | E88: 20-09-2025 | F88: 1 | H88: {=IFERROR( INDEX( Sheet1!$AM$5:$AM$62, MATCH( TRUE, ISNUMBER(SEARCH(LOWER(Sheet1!$AM$5:$AM$62), LOWER(B89))), 0 ) ), "NO MATCH" )} -> VELLAIKKANNU VADIVELU
A89: 15001 | B89: VELLAIKKANNU VADIVELU | C89: UL | D89: 22-09-2025 | E89: 22-09-2025 | F89: 1 | H89: {=IFERROR( INDEX( Sheet1!$AM$5:$AM$62, MATCH( TRUE, ISNUMBER(SEARCH(LOWER(Sheet1!$AM$5:$AM$62), LOWER(B90))), 0 ) ), "NO MATCH" )} -> VELLAIKKANNU VADIVELU
A90: 15001 | B90: VELLAIKKANNU VADIVELU | C90: UL | D90: 23-09-2025 | E90: 23-09-2025 | F90: 1 | H90: {=IFERROR( INDEX( Sheet1!$AM$5:$AM$62, MATCH( TRUE, ISNUMBER(SEARCH(LOWER(Sheet1!$AM$5:$AM$62), LOWER(B91))), 0 ) ), "NO MATCH" )} -> VELLAIKKANNU VADIVELU
A91: 15001 | B91: VELLAIKKANNU VADIVELU | C91: UL | D91: 24-09-2025 | E91: 24-09-2025 | F91: 1 | H91: {=IFERROR( INDEX( Sheet1!$AM$5:$AM$62, MATCH( TRUE, ISNUMBER(SEARCH(LOWER(Sheet1!$AM$5:$AM$62), LOWER(B92))), 0 ) ), "NO MATCH" )} -> VELLAIKKANNU VADIVELU
A92: 15001 | B92: VELLAIKKANNU VADIVELU | C92: UL | D92: 25-09-2025 | E92: 25-09-2025 | F92: 1 | H92: {=IFERROR( INDEX( Sheet1!$AM$5:$AM$62, MATCH( TRUE, ISNUMBER(SEARCH(LOWER(Sheet1!$AM$5:$AM$62), LOWER(B93))), 0 ) ), "NO MATCH" )} -> VELLAIKKANNU VADIVELU
A93: 15001 | B93: VELLAIKKANNU VADIVELU | C93: UL | D93: 26-09-2025 | E93: 26-09-2025 | F93: 1 | H93: {=IFERROR( INDEX( Sheet1!$AM$5:$AM$62, MATCH( TRUE, ISNUMBER(SEARCH(LOWER(Sheet1!$AM$5:$AM$62), LOWER(B94))), 0 ) ), "NO MATCH" )} -> VELLAIKKANNU VADIVELU
A94: 15001 | B94: VELLAIKKANNU VADIVELU | C94: UL | D94: 27-09-2025 | E94: 27-09-2025 | F94: 1 | H94: {=IFERROR( INDEX( Sheet1!$AM$5:$AM$62, MATCH( TRUE, ISNUMBER(SEARCH(LOWER(Sheet1!$AM$5:$AM$62), LOWER(B95))), 0 ) ), "NO MATCH" )} -> VELLAIKKANNU VADIVELU
A95: 15001 | B95: VELLAIKKANNU VADIVELU | C95: UL | D95: 29-09-2025 | E95: 29-09-2025 | F95: 1 | H95: {=IFERROR( INDEX( Sheet1!$AM$5:$AM$62, MATCH( TRUE, ISNUMBER(SEARCH(LOWER(Sheet1!$AM$5:$AM$62), LOWER(B96))), 0 ) ), "NO MATCH" )} -> VELLAIKKANNU VADIVELU
A96: 15001 | B96: VELLAIKKANNU VADIVELU | C96: UL | D96: 30-09-2025 | E96: 30-09-2025 | F96: 1 | H96: {=IFERROR( INDEX( Sheet1!$AM$5:$AM$62, MATCH( TRUE, ISNUMBER(SEARCH(LOWER(Sheet1!$AM$5:$AM$62), LOWER(B97))), 0 ) ), "NO MATCH" )} -> VELLAIKKANNU VADIVELU
A97: 15001 | B97: VELLAIKKANNU VADIVELU | C97: UL | D97: 45667 | E97: 45667 | F97: 1 | H97: {=IFERROR( INDEX( Sheet1!$AM$5:$AM$62, MATCH( TRUE, ISNUMBER(SEARCH(LOWER(Sheet1!$AM$5:$AM$62), LOWER(B98))), 0 ) ), "NO MATCH" )} -> VELLAIKKANNU VADIVELU
A98: 15001 | B98: VELLAIKKANNU VADIVELU | C98: UL | D98: 45698 | E98: 45698 | F98: 1 | H98: {=IFERROR( INDEX( Sheet1!$AM$5:$AM$62, MATCH( TRUE, ISNUMBER(SEARCH(LOWER(Sheet1!$AM$5:$AM$62), LOWER(B99))), 0 ) ), "NO MATCH" )} -> VELLAIKKANNU VADIVELU
A99: 15001 | B99: VELLAIKKANNU VADIVELU | C99: UL | D99: 45726 | E99: 45726 | F99: 1 | H99: {=IFERROR( INDEX( Sheet1!$AM$5:$AM$62, MATCH( TRUE, ISNUMBER(SEARCH(LOWER(Sheet1!$AM$5:$AM$62), LOWER(B100))), 0 ) ), "NO MATCH" )} -> VELLAIKKANNU VADIVELU
A100: 15001 | B100: VELLAIKKANNU VADIVELU | C100: UL | D100: 45757 | E100: 45757 | F100: 1 | H100: {=IFERROR( INDEX( Sheet1!$AM$5:$AM$62, MATCH( TRUE, ISNUMBER(SEARCH(LOWER(Sheet1!$AM$5:$AM$62), LOWER(B101))), 0 ) ), "NO MATCH" )} -> VELLAIKKANNU VADIVELU
A101: 15001 | B101: VELLAIKKANNU VADIVELU | C101: UL | D101: 45818 | E101: 45818 | F101: 1 | H101: {=IFERROR( INDEX( Sheet1!$AM$5:$AM$62, MATCH( TRUE, ISNUMBER(SEARCH(LOWER(Sheet1!$AM$5:$AM$62), LOWER(B102))), 0 ) ), "NO MATCH" )} -> VELLAIKKANNU VADIVELU
...

Sheet Dec Leave
B4: Prevoius MC Balance | C4: Nov MC | D4: Dec MC | E4: Eligible MC | G4: Previous Lve | H4: Dec lve eligiblr | I4: Nov Lve | J4: Dec Leave | K4: Eligible Lvs | M4: Date in Dec
A5: Selvam | B5: 12 | D5: 2 | E5: =B5-C5-D5 -> 10 | G5: 3 | H5: 1 | K5: =G5+H5-I5-J5 -> 4 | M5: 01, 12
A6: Ragavan | B6: 5 | D6: 4 | E6: =B6-C6-D6 -> 1 | G6: -1 | H6: 1 | K6: =G6+H6-I6-J6 -> 0 | M6: 1-3, 31
A7: Anba | B7: 3.5 | E7: =B7-C7-D7 -> 3.5 | G7: 7 | H7: 1 | I7: 3 | J7: 2 | K7: =G7+H7-I7-J7 -> 3 | M7: 3 & 5
A8: Sathishkumar Rama | E8: =B8-C8-D8 -> 0 | G8: 2 | H8: 1 | I8: 2 | J8: 1 | K8: =G8+H8-I8-J8 -> 0 | M8: 2
A9: Sathishkumar Rama | B9: 14 | D9: 4 | E9: =B9-C9-D9 -> 10 | H9: 1 | K9: =G9+H9-I9-J9 -> 1 | M9: 10, 15-16,27
A10: Rathnakumar | E10: =B10-C10-D10 -> 0 | G10: 3 | H10: 1 | I10: 1 | J10: 1 | K10: =G10+H10-I10-J10 -> 2 | M10: 3
A11: Nirmal | B11: 0 | D11: 1 | E11: =B11-C11-D11 -> -1 | G11: 1 | H11: 1 | I11: 1 | J11: 1 | K11: =G11+H11-I11-J11 -> 0 | M11: 8 | O11: UNPAID
A12: Kishanraj | B12: 0 | D12: 1 | E12: =B12-C12-D12 -> -1 | H12: 1 | K12: =G12+H12-I12-J12 -> 1 | M12: 8 | N12: No Document | O12: UNPAID
A13: Kishanraj | E13: =B13-C13-D13 -> 0 | G13: 2 | H13: 1 | I13: 2 | J13: 5 | K13: =G13+H13-I13-J13 -> -4 | M13: 1,5,10-12 | O13: UNPAID
A14: Osman Goni | B14: 9 | C14: 4 | D14: 1 | E14: =B14-C14-D14 -> 4 | H14: 1 | K14: =G14+H14-I14-J14 -> 1 | M14: 10
A15: Malai | B15: 13 | C15: 1 | D15: 1 | E15: =B15-C15-D15 -> 11 | H15: 1 | K15: =G15+H15-I15-J15 -> 1 | M15: 12
A16: Lavanya | B16: 5 | C16: 2 | D16: 1 | E16: =B16-C16-D16 -> 2 | H16: 1 | I16: 2 | K16: =G16+H16-I16-J16 -> -1 | M16: 12
A17: Shil sham sundar | E17: =B17-C17-D17 -> 0 | G17: 3 | H17: 1 | J17: 1 | K17: =G17+H17-I17-J17 -> 3 | M17: 15
A18: Vishnu Praveen | E18: =B18-C18-D18 -> 0 | G18: 1 | H18: 1 | J18: 1 | K18: =G18+H18-I18-J18 -> 1 | M18: 15
A19: Aminul Haq | B19: 6 | C19: 1 | D19: 1 | E19: =B19-C19-D19 -> 4 | H19: 1 | K19: =G19+H19-I19-J19 -> 1 | M19: 18
A20: Billan khan | B20: 7 | C20: 1 | D20: 3 | E20: =B20-C20-D20 -> 3 | H20: 1 | K20: =G20+H20-I20-J20 -> 1 | M20: 22-24
A21: Tulasi | B21: 13 | D21: 1 | E21: =B21-C21-D21 -> 12 | H21: 1 | K21: =G21+H21-I21-J21 -> 1 | M21: 30
A22: Kailasam | E22: =B22-C22-D22 -> 0 | H22: 1 | J22: 1 | K22: =G22+H22-I22-J22 -> 0 | M22: 31

Sheet Dec Leave (2)
B3: MC | G3: LEAVE
B4: Prevoius MC Balance | C4: Nov MC | D4: Dec MC | E4: Eligible MC | G4: Previous Lve | H4: Dec lve eligible | I4: Nov Lve | J4: Dec Leave | K4: Eligible Lvs | M4: Date in Dec
A5: Selvam | B5: 12 | D5: 2 | E5: =B5-C5-D5 -> 10 | G5: 3 | H5: 1 | K5: =G5+H5-I5-J5 -> 4 | M5: 01, 12
A6: Ragavan | B6: 5 | D6: 4 | E6: =B6-C6-D6 -> 1 | G6: -1 | H6: 1 | K6: =G6+H6-I6-J6 -> 0 | M6: 1-3, 31
A7: Anba | B7: 3.5 | E7: =B7-C7-D7 -> 3.5 | G7: 7 | H7: 1 | I7: 3 | J7: 2 | K7: =G7+H7-I7-J7 -> 3 | M7: 3 & 5
A8: Sathishkumar Rama | E8: =B8-C8-D8 -> 0 | G8: 2 | H8: 1 | I8: 2 | J8: 1 | K8: =G8+H8-I8-J8 -> 0 | M8: 2
A9: Sathishkumar Rama | B9: 14 | D9: 4 | E9: =B9-C9-D9 -> 10 | H9: 1 | K9: =G9+H9-I9-J9 -> 1 | M9: 10, 15-17,27
A10: Rathnakumar | E10: =B10-C10-D10 -> 0 | G10: 3 | H10: 1 | I10: 1 | J10: 1 | K10: =G10+H10-I10-J10 -> 2 | M10: 3
A11: Nirmal | B11: 0 | D11: 1 | E11: =B11-C11-D11 -> -1 | G11: 1 | H11: 1 | I11: 1 | J11: 1 | K11: =G11+H11-I11-J11 -> 0 | M11: 8 | O11: UNPAID
A12: Kishanraj | B12: 0 | D12: 1 | E12: =B12-C12-D12 -> -1 | H12: 1 | K12: =G12+H12-I12-J12 -> 1 | M12: 8 | N12: No Document | O12: UNPAID
A13: Kishanraj | E13: =B13-C13-D13 -> 0 | G13: 2 | H13: 1 | I13: 2 | J13: 5 | K13: =G13+H13-I13-J13 -> -4 | M13: 1,5,10-12 | O13: UNPAID
A14: Osman Goni | B14: 9 | C14: 4 | D14: 1 | E14: =B14-C14-D14 -> 4 | H14: 1 | K14: =G14+H14-I14-J14 -> 1 | M14: 10
A15: Malai | B15: 13 | C15: 1 | D15: 1 | E15: =B15-C15-D15 -> 11 | H15: 1 | K15: =G15+H15-I15-J15 -> 1 | M15: 12
A16: Lavanya | B16: 5 | C16: 2 | D16: 1 | E16: =B16-C16-D16 -> 2 | H16: 1 | I16: 2 | K16: =G16+H16-I16-J16 -> -1 | M16: 12 | N16: Unpaid
A17: Shil sham sundar | E17: =B17-C17-D17 -> 0 | G17: 3 | H17: 1 | J17: 1 | K17: =G17+H17-I17-J17 -> 3 | M17: 15
A18: Vishnu Praveen | E18: =B18-C18-D18 -> 0 | G18: 1 | H18: 1 | J18: 1 | K18: =G18+H18-I18-J18 -> 1 | M18: 15
A19: Aminul Haq | B19: 6 | C19: 1 | D19: 1 | E19: =B19-C19-D19 -> 4 | H19: 1 | K19: =G19+H19-I19-J19 -> 1 | M19: 18
A20: Billan khan | B20: 7 | C20: 1 | D20: 3 | E20: =B20-C20-D20 -> 3 | H20: 1 | K20: =G20+H20-I20-J20 -> 1 | M20: 22-24
A21: Tulasi | B21: 13 | D21: 1 | E21: =B21-C21-D21 -> 12 | H21: 1 | K21: =G21+H21-I21-J21 -> 1 | M21: 30
A22: Kailasam | E22: =B22-C22-D22 -> 0 | H22: 1 | J22: 1 | K22: =G22+H22-I22-J22 -> 0 | M22: 31
